transaction_id,customer_id,merchant,amount,country,timestamp,alert_severity,alert_status
970,1104,"Gray, Davidson and Rogers",4994.46,CA,2026-05-24 13:22:11.019086,Critical,Open
94,1923,Douglas-Rice,4992.18,NG,2026-05-24 13:22:10.867358,Critical,Open
500,2537,Brady PLC,4972.66,NG,2026-05-24 13:22:10.939109,Critical,Open
433,2142,Carlson-Solomon,4970.39,CA,2026-05-24 13:22:10.927462,Critical,Open
515,4449,Davis-Martinez,4939.01,CA,2026-05-24 13:22:10.941509,Critical,Open
11,1078,"Allen, Evans and Johnson",4933.19,UK,2026-05-24 13:22:10.847603,Critical,Open
660,2523,Gonzalez Inc,4930.87,CA,2026-05-24 13:22:10.965984,Critical,Open
519,1804,Johnson Ltd,4928.27,CA,2026-05-24 13:22:10.941934,Critical,Open
486,1535,Barnes-Fitzgerald,4927.2,NG,2026-05-24 13:22:10.936646,Critical,Open
889,4392,Wise and Sons,4925.16,UK,2026-05-24 13:22:11.005103,Critical,Open
633,1008,Perez Group,4918.58,UK,2026-05-24 13:22:10.961173,Critical,Open
850,2630,Olson-Dixon,4918.52,NG,2026-05-24 13:22:10.999080,Critical,Open
536,3557,"Padilla, Lane and Howard",4917.25,NG,2026-05-24 13:22:10.945063,Critical,Open
8,3910,"Davis, Wilson and Thornton",4915.63,UK,2026-05-24 13:22:10.846178,Critical,Open
893,4639,"Velasquez, Franklin and Powers",4914.22,NG,2026-05-24 13:22:11.005754,Critical,Open
831,4855,Harvey-Martinez,4909.03,CA,2026-05-24 13:22:10.995742,Critical,Open
92,3018,"Young, Nelson and Schmidt",4903.42,CA,2026-05-24 13:22:10.866890,Critical,Open
819,4631,"Hammond, Carroll and Rangel",4901.19,NG,2026-05-24 13:22:10.993568,Critical,Open
250,1846,"Harris, Thompson and Pittman",4894.6,CA,2026-05-24 13:22:10.896232,Critical,Open
359,3115,"Anderson, Forbes and Coleman",4869.73,US,2026-05-24 13:22:10.914477,Critical,Open
81,3949,Perez Group,4860.15,US,2026-05-24 13:22:10.864599,Critical,Open
837,2053,"Gomez, Guerrero and Robertson",4856.61,CA,2026-05-24 13:22:10.996686,Critical,Open
840,3509,Frederick-Swanson,4853.62,UK,2026-05-24 13:22:10.997156,Critical,Open
963,1757,Payne-Reyes,4844.28,US,2026-05-24 13:22:11.017799,Critical,Open
978,1410,Sanders and Sons,4838.83,UK,2026-05-24 13:22:11.020458,Critical,Open
463,1651,Poole-Hunt,4829.82,UK,2026-05-24 13:22:10.932929,Critical,Open
191,3300,Mitchell-Greer,4822.63,NG,2026-05-24 13:22:10.886326,Critical,Open
700,2525,Jenkins Ltd,4811.07,NG,2026-05-24 13:22:10.972535,Critical,Open
286,4393,"Lopez, Jackson and Jackson",4801.09,US,2026-05-24 13:22:10.901955,Critical,Open
407,4185,"Smith, Palmer and Baker",4800.41,UK,2026-05-24 13:22:10.922773,Critical,Open
630,1282,Mcgrath Inc,4774.42,NG,2026-05-24 13:22:10.960828,Critical,Open
115,2849,"Wells, Jones and Gardner",4772.78,CA,2026-05-24 13:22:10.872054,Critical,Open
303,4776,Mccarthy-Ramos,4762.71,NG,2026-05-24 13:22:10.904935,Critical,Open
452,2683,Johnson Inc,4744.5,NG,2026-05-24 13:22:10.930660,Critical,Open
170,4947,Rodriguez LLC,4739.18,UK,2026-05-24 13:22:10.882741,Critical,Open
471,4091,"Campbell, Rice and Ibarra",4732.2,NG,2026-05-24 13:22:10.934263,Critical,Open
101,2111,"Delacruz, Perez and Williams",4723.13,NG,2026-05-24 13:22:10.868954,Critical,Open
523,3040,Williams Inc,4720.8,US,2026-05-24 13:22:10.942547,Critical,Open
967,4045,"Stafford, Martinez and Thomas",4720.61,NG,2026-05-24 13:22:11.018456,Critical,Open
114,1869,"Johnson, Flores and Johnson",4717.76,CA,2026-05-24 13:22:10.871811,Critical,Open
626,2188,Marquez-Wolfe,4713.5,NG,2026-05-24 13:22:10.960159,Critical,Open
682,2516,Moore-Garcia,4709.61,CA,2026-05-24 13:22:10.969618,Critical,Open
338,1966,Ortiz-Crawford,4708.28,UK,2026-05-24 13:22:10.910529,Critical,Open
205,3134,Young-Giles,4706.16,UK,2026-05-24 13:22:10.888427,Critical,Open
265,4895,"Williams, Jordan and Armstrong",4703.17,US,2026-05-24 13:22:10.898626,Critical,Open
483,3812,Dawson Group,4686.53,US,2026-05-24 13:22:10.936226,Critical,Open
56,4934,Short Group,4684.33,US,2026-05-24 13:22:10.858994,Critical,Open
201,1458,Garcia-Woods,4663.22,NG,2026-05-24 13:22:10.887853,Critical,Open
3,3425,"Gibson, Young and Shaw",4662.86,UK,2026-05-24 13:22:10.843922,Critical,Open
826,3268,"Ortiz, Kane and George",4660.79,CA,2026-05-24 13:22:10.994934,Critical,Open
678,2864,Griffith-Martin,4655.06,CA,2026-05-24 13:22:10.968902,Critical,Open
853,2652,Curtis-Chavez,4654.02,UK,2026-05-24 13:22:10.999423,Critical,Open
979,4548,Gallegos Inc,4642.73,US,2026-05-24 13:22:11.020548,Critical,Open
367,4257,Lee-Mccann,4642.27,CA,2026-05-24 13:22:10.915766,Critical,Open
235,2658,Johnston Ltd,4634.29,UK,2026-05-24 13:22:10.893308,Critical,Open
211,3778,Thompson Group,4634.07,US,2026-05-24 13:22:10.889332,Critical,Open
516,3935,Hickman Inc,4628.35,CA,2026-05-24 13:22:10.941597,Critical,Open
798,3491,"White, Humphrey and Jones",4614.64,US,2026-05-24 13:22:10.989348,Critical,Open
975,3180,Graves-Ortiz,4596.94,UK,2026-05-24 13:22:11.019975,Critical,Open
815,4130,"Travis, Adams and Rios",4587.07,CA,2026-05-24 13:22:10.992697,Critical,Open
830,2314,Wilcox LLC,4579.14,CA,2026-05-24 13:22:10.995577,Critical,Open
271,4564,"Jones, Bowers and Harrison",4578.78,CA,2026-05-24 13:22:10.899441,Critical,Open
469,3620,Hicks-Roth,4575.94,UK,2026-05-24 13:22:10.933928,Critical,Open
277,4703,Mckay Ltd,4575.14,NG,2026-05-24 13:22:10.900322,Critical,Open
342,1516,Hill-Bennett,4570.81,NG,2026-05-24 13:22:10.911406,Critical,Open
391,1085,Sloan Inc,4564.22,NG,2026-05-24 13:22:10.920136,Critical,Open
309,4687,"Hebert, May and Yates",4561.6,UK,2026-05-24 13:22:10.905849,Critical,Open
283,1378,Robinson-Suarez,4550.99,NG,2026-05-24 13:22:10.901380,Critical,Open
164,3184,Mendez and Sons,4545.46,CA,2026-05-24 13:22:10.881656,Critical,Open
72,4836,"Griffin, Fitzgerald and Yang",4535.14,US,2026-05-24 13:22:10.863278,Critical,Open
882,3165,"Wright, Stewart and Herman",4530.85,NG,2026-05-24 13:22:11.003892,Critical,Open
905,3007,"Conner, Hensley and Porter",4522.93,CA,2026-05-24 13:22:11.007959,Critical,Open
300,3701,Powers Group,4516.99,UK,2026-05-24 13:22:10.904518,Critical,Open
680,2500,Le-Harper,4508.38,UK,2026-05-24 13:22:10.969225,Critical,Open
964,3484,Hawkins Inc,4504.3,CA,2026-05-24 13:22:11.017889,Critical,Open
531,2223,Edwards LLC,4503.61,UK,2026-05-24 13:22:10.943957,Critical,Open
920,1093,"Williams, Hawkins and Jones",4502.24,CA,2026-05-24 13:22:11.010714,Critical,Open
125,3834,Rivas Inc,4497.05,CA,2026-05-24 13:22:10.873751,Critical,Open
296,1451,Bell-Smith,4488.38,CA,2026-05-24 13:22:10.903796,Critical,Open
313,1461,Skinner-Richardson,4487.72,UK,2026-05-24 13:22:10.906351,Critical,Open
935,3382,Marshall PLC,4480.47,NG,2026-05-24 13:22:11.013039,Critical,Open
33,3288,Gross-Shepherd,4475.13,US,2026-05-24 13:22:10.853778,Critical,Open
28,2862,Colon Inc,4467.74,UK,2026-05-24 13:22:10.852538,Critical,Open
543,4721,"Moreno, Garcia and Hanson",4459.52,US,2026-05-24 13:22:10.946308,Critical,Open
379,2227,"Allen, Maynard and Kennedy",4453.45,NG,2026-05-24 13:22:10.917988,Critical,Open
760,4691,"Guerra, Campbell and Leonard",4446.84,US,2026-05-24 13:22:10.982983,Critical,Open
674,4928,"Nelson, Glenn and Hodge",4445.35,CA,2026-05-24 13:22:10.968325,Critical,Open
768,3685,"Walker, Gomez and Fernandez",4445.03,UK,2026-05-24 13:22:10.984130,Critical,Open
221,3095,"Carter, Crawford and Barrera",4443.25,US,2026-05-24 13:22:10.890744,Critical,Open
983,1335,Lyons Ltd,4439.07,UK,2026-05-24 13:22:11.021056,Critical,Open
697,2414,Barr-Davidson,4433.35,NG,2026-05-24 13:22:10.972036,Critical,Open
584,1274,Moore and Sons,4431.1,UK,2026-05-24 13:22:10.952872,Critical,Open
6,1616,Massey PLC,4426.02,CA,2026-05-24 13:22:10.845450,Critical,Open
229,1445,"Allen, Smith and Hurst",4423.04,UK,2026-05-24 13:22:10.892338,Critical,Open
468,1193,Giles-Hester,4418.94,US,2026-05-24 13:22:10.933765,Critical,Open
50,2587,Townsend-Lee,4416.53,UK,2026-05-24 13:22:10.857521,Critical,Open
822,3971,Watson and Sons,4414.55,CA,2026-05-24 13:22:10.993973,Critical,Open
927,1245,King PLC,4414.35,UK,2026-05-24 13:22:11.011582,Critical,Open
364,3103,"Cruz, Myers and Patterson",4414.26,UK,2026-05-24 13:22:10.915358,Critical,Open
847,1249,Long and Sons,4409.73,NG,2026-05-24 13:22:10.998448,Critical,Open
689,2454,Webb and Sons,4407.79,UK,2026-05-24 13:22:10.970469,Critical,Open
248,1196,"Freeman, Wilson and Jefferson",4407.24,NG,2026-05-24 13:22:10.895785,Critical,Open
336,3490,Reyes-Blackburn,4378.96,CA,2026-05-24 13:22:10.910062,Critical,Open
546,2944,Schmidt-Wall,4367.96,NG,2026-05-24 13:22:10.946855,Critical,Open
412,4801,"Crawford, Wiley and Davis",4363.81,CA,2026-05-24 13:22:10.923611,Critical,Open
989,2368,Stewart and Sons,4361.77,CA,2026-05-24 13:22:11.022093,Critical,Open
845,4869,Zamora and Sons,4361.61,NG,2026-05-24 13:22:10.998185,Critical,Open
481,1942,Floyd-Elliott,4359.28,UK,2026-05-24 13:22:10.935897,Critical,Open
644,4881,Scott-Robinson,4359.1,US,2026-05-24 13:22:10.962994,Critical,Open
517,4017,Hendricks Group,4357.57,UK,2026-05-24 13:22:10.941685,Critical,Open
651,1005,Green-Gonzalez,4353.31,US,2026-05-24 13:22:10.964461,Critical,Open
49,2920,"Gonzalez, Taylor and Martinez",4342.39,NG,2026-05-24 13:22:10.857296,Critical,Open
966,3607,Hernandez LLC,4338.12,CA,2026-05-24 13:22:11.018208,Critical,Open
35,1924,"West, Ramirez and Johnson",4329.54,UK,2026-05-24 13:22:10.854435,Critical,Open
911,1967,Vega-Levy,4318.24,NG,2026-05-24 13:22:11.009004,Critical,Open
388,2362,"Jackson, Tucker and Rodriguez",4315.27,NG,2026-05-24 13:22:10.919639,Critical,Open
176,2821,Johnson-Cooper,4314.18,NG,2026-05-24 13:22:10.883763,Critical,Open
145,4249,Miller PLC,4305.4,UK,2026-05-24 13:22:10.877531,Critical,Open
617,3666,Wright Group,4304.95,NG,2026-05-24 13:22:10.958239,Critical,Open
48,1037,Moore-Herman,4304.79,US,2026-05-24 13:22:10.856969,Critical,Open
226,3694,Simmons-Buck,4301.56,NG,2026-05-24 13:22:10.891774,Critical,Open
643,2597,"Schultz, Hudson and Brooks",4299.96,US,2026-05-24 13:22:10.962832,Critical,Open
411,2398,Rodriguez PLC,4292.9,US,2026-05-24 13:22:10.923369,Critical,Open
352,2565,Gutierrez-Clarke,4281.85,US,2026-05-24 13:22:10.913204,Critical,Open
262,3456,Robertson Inc,4270.51,CA,2026-05-24 13:22:10.898198,Critical,Open
898,2006,"Ward, Luna and Valencia",4268.27,US,2026-05-24 13:22:11.006705,Critical,Open
254,4086,Garcia and Sons,4263.9,NG,2026-05-24 13:22:10.896925,Critical,Open
955,3858,Williams Group,4262.99,US,2026-05-24 13:22:11.016551,Critical,Open
76,4429,Medina-Thompson,4249.68,NG,2026-05-24 13:22:10.863976,Critical,Open
242,1757,"Chapman, Warren and Paul",4245.04,NG,2026-05-24 13:22:10.894757,Critical,Open
505,4280,Beck-Johnson,4244.3,US,2026-05-24 13:22:10.939951,Critical,Open
502,4784,"Turner, Lozano and Delgado",4238.21,US,2026-05-24 13:22:10.939433,Critical,Open
498,3507,Goodwin-Smith,4233.34,CA,2026-05-24 13:22:10.938725,Critical,Open
649,1711,"Hall, Edwards and Rivera",4233.06,US,2026-05-24 13:22:10.964110,Critical,Open
327,2100,Anderson-Blake,4226.6,US,2026-05-24 13:22:10.908516,Critical,Open
715,3143,Johnson and Sons,4225.47,NG,2026-05-24 13:22:10.975133,Critical,Open
736,1921,Martinez and Sons,4203.09,CA,2026-05-24 13:22:10.979095,Critical,Open
832,1725,Morris-Hull,4198.11,CA,2026-05-24 13:22:10.995899,Critical,Open
347,1175,Oneal and Sons,4196.95,CA,2026-05-24 13:22:10.912238,Critical,Open
508,4760,Parks-Molina,4196.13,UK,2026-05-24 13:22:10.940357,Critical,Open
129,4735,Collins-Fitzgerald,4193.73,US,2026-05-24 13:22:10.874570,Critical,Open
147,3244,"Wells, Lewis and Kelly",4193.54,NG,2026-05-24 13:22:10.877950,Critical,Open
706,4781,Moss Inc,4191.62,CA,2026-05-24 13:22:10.973606,Critical,Open
641,1463,Silva Inc,4164.34,NG,2026-05-24 13:22:10.962430,Critical,Open
21,1736,Shaffer-Taylor,4158.49,UK,2026-05-24 13:22:10.850481,Critical,Open
224,3216,"Brown, Wiggins and Trujillo",4157.79,CA,2026-05-24 13:22:10.891228,Critical,Open
333,1803,"Williams, Wolf and Hughes",4149.72,NG,2026-05-24 13:22:10.909368,Critical,Open
823,4069,"Hall, Farley and Hernandez",4141.42,CA,2026-05-24 13:22:10.994199,Critical,Open
339,3989,Hall-Rodriguez,4138.91,CA,2026-05-24 13:22:10.910693,Critical,Open
773,2454,Reeves-Bishop,4131.86,UK,2026-05-24 13:22:10.985080,Critical,Open
152,2611,Orr-Rodriguez,4125.86,UK,2026-05-24 13:22:10.879112,Critical,Open
503,2543,Gardner Inc,4114.83,NG,2026-05-24 13:22:10.939526,Critical,Open
430,1570,Hughes-Hawkins,4113.77,NG,2026-05-24 13:22:10.926917,Critical,Open
958,2106,Carter-Brewer,4112.74,NG,2026-05-24 13:22:11.017018,Critical,Open
885,3320,"Martin, Andrews and Williamson",4110.63,CA,2026-05-24 13:22:11.004374,Critical,Open
533,2869,Anderson-Burke,4099.16,US,2026-05-24 13:22:10.944345,Critical,Open
673,3917,"Krause, White and Brown",4097.17,NG,2026-05-24 13:22:10.968091,Critical,Open
904,2741,Flores-Lyons,4095.73,NG,2026-05-24 13:22:11.007671,Critical,Open
545,4468,"Thomas, Glass and Gibson",4093.28,NG,2026-05-24 13:22:10.946696,Critical,Open
47,3961,Chang-Newton,4089.95,CA,2026-05-24 13:22:10.856738,Critical,Open
645,3020,"Davis, Perry and Joseph",4089.28,UK,2026-05-24 13:22:10.963233,Critical,Open
175,3533,"Lee, Moore and Mata",4083.37,CA,2026-05-24 13:22:10.883595,Critical,Open
64,1278,"Brown, Johnson and Gilbert",4079.65,US,2026-05-24 13:22:10.861348,Critical,Open
701,3001,Berry-Sanchez,4079.39,NG,2026-05-24 13:22:10.972700,Critical,Open
37,1060,Burns-Williams,4077.44,NG,2026-05-24 13:22:10.854883,Critical,Open
400,1518,Mitchell-Rodriguez,4068.52,UK,2026-05-24 13:22:10.921545,Critical,Open
380,3075,Moses-Stanley,4058.46,CA,2026-05-24 13:22:10.918148,Critical,Open
366,4495,Lee Ltd,4058.09,US,2026-05-24 13:22:10.915608,Critical,Open
658,1192,"Ramos, Davis and Atkins",4051.42,US,2026-05-24 13:22:10.965730,Critical,Open
777,4298,Hood-Wright,4048.0,CA,2026-05-24 13:22:10.985789,Critical,Open
95,2443,Garcia-Davis,4047.89,CA,2026-05-24 13:22:10.867546,Critical,Open
782,2698,Bailey LLC,4046.85,CA,2026-05-24 13:22:10.986781,Critical,Open
240,1004,Thomas Group,4046.55,CA,2026-05-24 13:22:10.894358,Critical,Open
744,1390,Rosales-Hammond,4038.65,UK,2026-05-24 13:22:10.980098,Critical,Open
928,1826,Jackson and Sons,4035.68,CA,2026-05-24 13:22:11.011693,Critical,Open
569,3403,Wilson-Townsend,4033.47,CA,2026-05-24 13:22:10.950485,Critical,Open
998,3790,"Potter, Lee and Smith",4025.14,CA,2026-05-24 13:22:11.023682,Critical,Open
109,2482,Ryan Inc,4016.33,US,2026-05-24 13:22:10.870848,Critical,Open
763,3060,Jenkins Ltd,4012.97,UK,2026-05-24 13:22:10.983323,Critical,Open
431,3470,Evans Inc,4009.71,CA,2026-05-24 13:22:10.927008,Critical,Open
912,4800,Davis-Jones,3993.52,US,2026-05-24 13:22:11.009163,High,Open
128,2802,"Johnson, Graham and Henderson",3993.27,US,2026-05-24 13:22:10.874381,High,Open
809,1070,"Davis, Martinez and Strong",3991.07,NG,2026-05-24 13:22:10.991574,High,Open
314,1177,Murray and Sons,3978.13,UK,2026-05-24 13:22:10.906443,High,Open
892,1885,Mathis-Garcia,3972.13,US,2026-05-24 13:22:11.005513,High,Open
82,4897,White PLC,3969.55,NG,2026-05-24 13:22:10.864704,High,Open
749,3387,Green-Mcbride,3968.32,CA,2026-05-24 13:22:10.981120,High,Open
950,1392,Davis-Nguyen,3966.14,US,2026-05-24 13:22:11.015299,High,Open
70,4693,"Ortega, Wilson and Allen",3965.7,UK,2026-05-24 13:22:10.862725,High,Open
767,1897,Lane-Brown,3964.12,NG,2026-05-24 13:22:10.983896,High,Open
38,4595,Hale Ltd,3960.8,CA,2026-05-24 13:22:10.855010,High,Open
415,3356,Robinson PLC,3960.46,NG,2026-05-24 13:22:10.924188,High,Open
707,1180,"Price, Higgins and Mccann",3952.52,UK,2026-05-24 13:22:10.973845,High,Open
279,4053,Kelley Ltd,3943.87,NG,2026-05-24 13:22:10.900721,High,Open
900,4173,Burton PLC,3938.26,CA,2026-05-24 13:22:11.006953,High,Open
901,3907,Ruiz Inc,3936.96,US,2026-05-24 13:22:11.007042,High,Open
719,4527,"Le, Shaw and Walter",3935.94,CA,2026-05-24 13:22:10.976193,High,Open
383,2802,Moore LLC,3931.43,CA,2026-05-24 13:22:10.918663,High,Open
464,4211,"Bauer, Douglas and Santiago",3928.53,US,2026-05-24 13:22:10.933169,High,Open
687,4531,Johnson and Sons,3922.83,NG,2026-05-24 13:22:10.970289,High,Open
588,2725,Hughes PLC,3909.07,US,2026-05-24 13:22:10.953383,High,Open
797,1594,Barnes and Sons,3901.43,NG,2026-05-24 13:22:10.989091,High,Open
522,3274,Morrison-Santos,3900.47,UK,2026-05-24 13:22:10.942457,High,Open
878,4621,Hansen Ltd,3896.54,US,2026-05-24 13:22:11.003319,High,Open
259,1437,Orozco-Rodriguez,3886.88,NG,2026-05-24 13:22:10.897800,High,Open
750,2797,Mendoza and Sons,3881.34,UK,2026-05-24 13:22:10.981216,High,Open
200,2743,Williams Inc,3878.59,NG,2026-05-24 13:22:10.887697,High,Open
600,4398,"Hodges, Lawrence and Mata",3877.66,UK,2026-05-24 13:22:10.955415,High,Open
803,2777,Orr and Sons,3876.62,NG,2026-05-24 13:22:10.990097,High,Open
616,1182,Castro-Lee,3875.16,UK,2026-05-24 13:22:10.958148,High,Open
217,3704,Brown PLC,3871.95,NG,2026-05-24 13:22:10.890127,High,Open
786,4873,Patrick-Goodman,3865.91,US,2026-05-24 13:22:10.987217,High,Open
263,4890,Johnson Group,3854.72,UK,2026-05-24 13:22:10.898304,High,Open
929,3666,Jefferson-Shepherd,3852.82,UK,2026-05-24 13:22:11.011864,High,Open
251,1719,"Black, Hancock and Harris",3851.88,US,2026-05-24 13:22:10.896512,High,Open
341,2987,"Mccarthy, Oliver and Wheeler",3849.33,US,2026-05-24 13:22:10.911187,High,Open
325,3513,Orr Group,3848.73,UK,2026-05-24 13:22:10.908187,High,Open
421,2376,"Murphy, Levy and Carlson",3846.56,UK,2026-05-24 13:22:10.925304,High,Open
953,1629,"Rivera, Cook and Martin",3841.75,NG,2026-05-24 13:22:11.016306,High,Open
971,2073,"Hernandez, Brown and Guerra",3819.98,CA,2026-05-24 13:22:11.019326,High,Open
100,2293,Freeman-Stone,3810.02,NG,2026-05-24 13:22:10.868679,High,Open
450,2148,Johnson-Garrett,3803.91,UK,2026-05-24 13:22:10.930328,High,Open
894,1077,"Bright, Richardson and Wyatt",3793.08,UK,2026-05-24 13:22:11.005989,High,Open
605,2409,"Baldwin, Boyle and Humphrey",3787.64,CA,2026-05-24 13:22:10.956223,High,Open
621,4582,Collins-Scott,3784.39,NG,2026-05-24 13:22:10.959100,High,Open
962,2736,"Munoz, Young and Stark",3776.87,CA,2026-05-24 13:22:11.017643,High,Open
197,4291,Smith Inc,3772.71,NG,2026-05-24 13:22:10.887432,High,Open
290,2928,"Silva, Garcia and Meyer",3769.68,US,2026-05-24 13:22:10.902603,High,Open
640,4320,"Charles, Taylor and Rodriguez",3767.0,CA,2026-05-24 13:22:10.962337,High,Open
592,4227,May Inc,3757.52,NG,2026-05-24 13:22:10.953968,High,Open
332,2058,Sanders PLC,3754.07,CA,2026-05-24 13:22:10.909142,High,Open
669,1832,"Farmer, Manning and Rodriguez",3750.16,UK,2026-05-24 13:22:10.967302,High,Open
834,1349,"Shepard, Garcia and Wright",3739.18,CA,2026-05-24 13:22:10.996213,High,Open
769,1384,"Sutton, Cross and Vaughn",3736.18,US,2026-05-24 13:22:10.984363,High,Open
710,4489,"Snow, Day and Mueller",3730.33,UK,2026-05-24 13:22:10.974281,High,Open
439,4342,"Sanders, Brown and Rodriguez",3729.72,US,2026-05-24 13:22:10.928558,High,Open
655,4721,Walker Inc,3725.98,CA,2026-05-24 13:22:10.965167,High,Open
811,4340,"Haney, Summers and Williams",3722.85,CA,2026-05-24 13:22:10.991921,High,Open
751,4642,"Gordon, Cannon and Morrow",3721.35,US,2026-05-24 13:22:10.981453,High,Open
818,1863,"Parker, Hall and Mendoza",3718.88,UK,2026-05-24 13:22:10.993306,High,Open
993,1942,"Ellis, Murphy and Smith",3715.82,US,2026-05-24 13:22:11.022877,High,Open
480,4038,Brown PLC,3715.1,UK,2026-05-24 13:22:10.935735,High,Open
23,1345,"Hernandez, Carpenter and Melton",3709.87,UK,2026-05-24 13:22:10.851197,High,Open
219,4634,Anderson and Sons,3706.73,CA,2026-05-24 13:22:10.890298,High,Open
140,2583,"Jones, Garcia and Perez",3694.12,NG,2026-05-24 13:22:10.876739,High,Open
667,1378,Patel-Joseph,3690.44,US,2026-05-24 13:22:10.966833,High,Open
733,4027,"Espinoza, Moore and Johnson",3687.94,NG,2026-05-24 13:22:10.978681,High,Open
436,3153,Ponce-Dixon,3668.97,NG,2026-05-24 13:22:10.928058,High,Open
564,2356,Ferrell Group,3664.46,UK,2026-05-24 13:22:10.949742,High,Open
619,4356,"White, Fowler and Lynch",3661.78,CA,2026-05-24 13:22:10.958706,High,Open
356,4023,Mcknight LLC,3658.95,UK,2026-05-24 13:22:10.913852,High,Open
968,4631,Williams Group,3651.29,NG,2026-05-24 13:22:11.018548,High,Open
112,3847,"Wheeler, Stephens and Houston",3648.64,US,2026-05-24 13:22:10.871336,High,Open
936,1693,Daniels PLC,3642.85,UK,2026-05-24 13:22:11.013125,High,Open
394,1891,Brewer-Sanchez,3637.65,CA,2026-05-24 13:22:10.920555,High,Open
575,3943,"Butler, Chase and Smith",3636.38,CA,2026-05-24 13:22:10.951465,High,Open
692,2380,"Johnson, Roach and Allen",3625.43,US,2026-05-24 13:22:10.971262,High,Open
532,3404,"Crosby, Baker and Reynolds",3621.45,US,2026-05-24 13:22:10.944187,High,Open
876,1860,Butler-Brown,3611.36,CA,2026-05-24 13:22:11.002996,High,Open
956,3418,Sanchez and Sons,3610.77,CA,2026-05-24 13:22:11.016637,High,Open
856,2309,"Harris, Dickson and Terry",3603.39,NG,2026-05-24 13:22:11.000051,High,Open
908,1655,Wong-Peterson,3601.44,CA,2026-05-24 13:22:11.008481,High,Open
122,2276,Pierce and Sons,3599.03,CA,2026-05-24 13:22:10.873239,High,Open
36,3498,Riley-Foster,3588.03,UK,2026-05-24 13:22:10.854659,High,Open
969,2286,"Michael, Green and Conrad",3587.5,NG,2026-05-24 13:22:11.018834,High,Open
585,1887,Smith Ltd,3587.0,NG,2026-05-24 13:22:10.952963,High,Open
758,1902,Torres-Williams,3580.58,CA,2026-05-24 13:22:10.982658,High,Open
915,2645,French-Richardson,3577.55,US,2026-05-24 13:22:11.009534,High,Open
896,1757,Bryan Inc,3576.17,NG,2026-05-24 13:22:11.006239,High,Open
982,2566,Rangel-Freeman,3575.84,NG,2026-05-24 13:22:11.020965,High,Open
879,4067,Brooks-Cox,3575.51,US,2026-05-24 13:22:11.003481,High,Open
171,2526,Wood Group,3569.19,NG,2026-05-24 13:22:10.882837,High,Open
629,1051,"Horne, Chapman and Turner",3561.63,CA,2026-05-24 13:22:10.960734,High,Open
780,4397,"Forbes, Vega and Hatfield",3551.71,NG,2026-05-24 13:22:10.986520,High,Open
934,3920,Farrell and Sons,3549.02,NG,2026-05-24 13:22:11.012951,High,Open
268,1009,Cox-Wilson,3523.91,US,2026-05-24 13:22:10.899032,High,Open
957,2560,"Gaines, Bell and Rivera",3523.52,CA,2026-05-24 13:22:11.016864,High,Open
320,4094,"Rivera, Parker and Reed",3518.99,US,2026-05-24 13:22:10.907587,High,Open
360,1468,Riggs-Gallagher,3514.48,UK,2026-05-24 13:22:10.914639,High,Open
542,2043,Webb Ltd,3499.29,UK,2026-05-24 13:22:10.946070,High,Open
230,3438,Scott PLC,3492.99,CA,2026-05-24 13:22:10.892429,High,Open
961,2606,Warren-Oconnell,3492.64,US,2026-05-24 13:22:11.017417,High,Open
802,1435,Wright-Higgins,3486.73,NG,2026-05-24 13:22:10.990008,High,Open
97,4357,Singh-Garcia,3484.12,US,2026-05-24 13:22:10.868022,High,Open
96,1935,"Roberts, Miller and Barry",3482.19,NG,2026-05-24 13:22:10.867827,High,Open
919,3051,Thomas Ltd,3481.51,US,2026-05-24 13:22:11.010484,High,Open
713,3123,Young-Young,3476.04,UK,2026-05-24 13:22:10.974932,High,Open
530,4632,Gibson LLC,3470.44,CA,2026-05-24 13:22:10.943868,High,Open
382,4432,Jackson-Mills,3463.79,NG,2026-05-24 13:22:10.918571,High,Open
85,3111,"Hawkins, Smith and Fitzgerald",3452.23,CA,2026-05-24 13:22:10.865452,High,Open
708,3130,Anderson PLC,3451.25,UK,2026-05-24 13:22:10.973942,High,Open
233,4152,Hudson-Davis,3447.07,NG,2026-05-24 13:22:10.893054,High,Open
124,1632,Werner-Lee,3446.51,US,2026-05-24 13:22:10.873657,High,Open
726,2580,Daniel-Benson,3433.76,NG,2026-05-24 13:22:10.977466,High,Open
869,2892,Hamilton and Sons,3432.42,UK,2026-05-24 13:22:11.002009,High,Open
166,3702,"Gray, Navarro and Meadows",3423.95,US,2026-05-24 13:22:10.882066,High,Open
276,1731,King-Roberts,3422.56,US,2026-05-24 13:22:10.900214,High,Open
329,4538,Guerra LLC,3416.68,UK,2026-05-24 13:22:10.908836,High,Open
295,3862,"Edwards, Romero and Figueroa",3415.01,NG,2026-05-24 13:22:10.903635,High,Open
921,3680,Wheeler Group,3408.88,US,2026-05-24 13:22:11.010804,High,Open
108,4381,"Parker, Lawrence and Castillo",3408.33,NG,2026-05-24 13:22:10.870736,High,Open
203,1616,Leonard PLC,3401.94,US,2026-05-24 13:22:10.888172,High,Open
870,1117,Silva-Watkins,3399.79,CA,2026-05-24 13:22:11.002173,High,Open
275,2898,Atkins-Hart,3399.24,UK,2026-05-24 13:22:10.900007,High,Open
556,3466,"Walker, Taylor and Wagner",3396.2,US,2026-05-24 13:22:10.948705,High,Open
688,1610,Figueroa and Sons,3394.22,CA,2026-05-24 13:22:10.970379,High,Open
53,2492,Simmons-Moore,3393.67,US,2026-05-24 13:22:10.858598,High,Open
871,4791,Davis Ltd,3390.24,CA,2026-05-24 13:22:11.002262,High,Open
535,1638,Brown-White,3388.2,UK,2026-05-24 13:22:10.944824,High,Open
459,2067,Little LLC,3383.27,US,2026-05-24 13:22:10.931958,High,Open
514,4583,Hamilton-Jacobs,3375.2,US,2026-05-24 13:22:10.941351,High,Open
836,3467,Ponce-Price,3372.52,US,2026-05-24 13:22:10.996458,High,Open
137,1947,"Fuentes, White and Hall",3371.44,CA,2026-05-24 13:22:10.876095,High,Open
891,1127,Vincent and Sons,3368.35,NG,2026-05-24 13:22:11.005353,High,Open
525,3525,"Henderson, Roberson and Evans",3363.85,CA,2026-05-24 13:22:10.942971,High,Open
735,4374,"Bryant, Carter and Walters",3354.75,UK,2026-05-24 13:22:10.979005,High,Open
538,2400,Smith-Fitzgerald,3354.74,CA,2026-05-24 13:22:10.945362,High,Open
252,3723,"Knight, Kelly and Miller",3354.4,UK,2026-05-24 13:22:10.896751,High,Open
861,1838,"Kim, Cummings and Thompson",3354.39,US,2026-05-24 13:22:11.000937,High,Open
994,3898,Schneider-Castro,3318.52,NG,2026-05-24 13:22:11.023039,High,Open
603,2819,"Ramirez, Mejia and Friedman",3303.76,CA,2026-05-24 13:22:10.955900,High,Open
181,1093,"Smith, Palmer and Bradford",3300.71,US,2026-05-24 13:22:10.884690,High,Open
45,1749,Morris PLC,3293.21,CA,2026-05-24 13:22:10.856186,High,Open
440,4154,"Lowery, Nichols and Johnson",3292.96,CA,2026-05-24 13:22:10.928804,High,Open
574,2751,Jones-Burns,3287.82,UK,2026-05-24 13:22:10.951229,High,Open
52,4832,"Campbell, Soto and Jacobs",3284.25,US,2026-05-24 13:22:10.858356,High,Open
117,3574,Black-Bell,3283.35,CA,2026-05-24 13:22:10.872314,High,Open
917,2279,"Benson, Solis and Henson",3280.4,CA,2026-05-24 13:22:11.010179,High,Open
424,4469,Hammond PLC,3276.04,CA,2026-05-24 13:22:10.925797,High,Open
245,3089,King PLC,3275.8,CA,2026-05-24 13:22:10.895262,High,Open
386,4187,"Bennett, Mathews and Evans",3273.55,UK,2026-05-24 13:22:10.919160,High,Open
43,2579,Simpson Inc,3272.55,NG,2026-05-24 13:22:10.855936,High,Open
397,4801,Castillo Ltd,3262.88,NG,2026-05-24 13:22:10.921048,High,Open
253,3494,Harmon PLC,3262.17,CA,2026-05-24 13:22:10.896838,High,Open
821,2007,"Blankenship, Alexander and Martinez",3256.47,US,2026-05-24 13:22:10.993884,High,Open
568,1688,Young-Bishop,3256.16,NG,2026-05-24 13:22:10.950322,High,Open
638,4484,Mcdaniel-Middleton,3228.24,US,2026-05-24 13:22:10.962005,High,Open
960,1362,Munoz PLC,3208.85,US,2026-05-24 13:22:11.017264,High,Open
578,3374,Harvey Ltd,3205.32,US,2026-05-24 13:22:10.951959,High,Open
162,3399,"Dean, Mejia and Wood",3198.25,NG,2026-05-24 13:22:10.881319,High,Open
873,3093,"Schroeder, Wilson and Martin",3183.55,UK,2026-05-24 13:22:11.002588,High,Open
770,4195,"Hodge, Waters and Espinoza",3180.21,CA,2026-05-24 13:22:10.984596,High,Open
933,1792,"Little, Cunningham and Carter",3168.92,US,2026-05-24 13:22:11.012863,High,Open
456,3679,Gill-Lopez,3167.35,UK,2026-05-24 13:22:10.931352,High,Open
986,1688,Murphy-Lewis,3158.73,NG,2026-05-24 13:22:11.021680,High,Open
793,3007,"White, Koch and Ross",3155.6,NG,2026-05-24 13:22:10.988520,High,Open
301,4378,Smith Inc,3146.37,NG,2026-05-24 13:22:10.904607,High,Open
123,1270,"Harrison, Mcclure and Taylor",3123.83,US,2026-05-24 13:22:10.873489,High,Open
222,1949,Love Inc,3120.89,UK,2026-05-24 13:22:10.890830,High,Open
66,1081,"Flores, Pearson and Reynolds",3118.31,UK,2026-05-24 13:22:10.861783,High,Open
977,4193,Parks-Guzman,3116.04,US,2026-05-24 13:22:11.020369,High,Open
888,1589,"Griffin, Moore and Morgan",3114.86,CA,2026-05-24 13:22:11.005009,High,Open
186,3242,"Bradford, Martinez and Ayala",3114.12,UK,2026-05-24 13:22:10.885596,High,Open
206,4365,Fowler Group,3113.48,NG,2026-05-24 13:22:10.888513,High,Open
150,1095,"Bailey, Jones and Stewart",3111.24,US,2026-05-24 13:22:10.878695,High,Open
315,2168,King-Barry,3108.15,NG,2026-05-24 13:22:10.906604,High,Open
195,4510,"Bowers, Garcia and Torres",3102.15,CA,2026-05-24 13:22:10.887112,High,Open
931,4993,"Yang, Gonzalez and Anderson",3100.68,NG,2026-05-24 13:22:11.012429,High,Open
495,1678,Hughes Group,3100.36,CA,2026-05-24 13:22:10.938193,High,Open
857,3346,"Sandoval, Rivera and Jackson",3096.72,UK,2026-05-24 13:22:11.000291,High,Open
87,4243,May-Shelton,3094.5,US,2026-05-24 13:22:10.865921,High,Open
720,2092,Navarro-Avila,3077.23,CA,2026-05-24 13:22:10.976407,High,Open
939,1087,Lewis-Garrett,3070.05,US,2026-05-24 13:22:11.013522,High,Open
496,2307,Landry PLC,3053.55,US,2026-05-24 13:22:10.938282,High,Open
796,2239,Robles-Spears,3050.16,CA,2026-05-24 13:22:10.989002,High,Open
497,2202,Graham-Cooley,3043.18,CA,2026-05-24 13:22:10.938491,High,Open
20,1145,"Myers, Harvey and Woodward",3036.81,UK,2026-05-24 13:22:10.850188,High,Open
134,1071,"Lee, Jenkins and Brown",3033.37,NG,2026-05-24 13:22:10.875428,High,Open
182,2534,Hernandez-Fitzpatrick,3031.19,CA,2026-05-24 13:22:10.884858,High,Open
493,4580,"Smith, Fuller and Collins",3022.32,NG,2026-05-24 13:22:10.938009,High,Open
607,3805,Gomez-Smith,3021.96,US,2026-05-24 13:22:10.956543,High,Open
596,2266,Anthony Inc,3015.18,US,2026-05-24 13:22:10.954402,High,Open
526,2677,Graham-Tyler,3002.5,UK,2026-05-24 13:22:10.943191,High,Open
926,2486,Jones PLC,3000.18,US,2026-05-24 13:22:11.011495,High,Open
241,2972,Perry-Frank,2993.06,NG,2026-05-24 13:22:10.894518,High,Open
559,2095,Anderson-Shepherd,2963.74,UK,2026-05-24 13:22:10.949056,High,Open
765,4272,Costa Group,2942.31,UK,2026-05-24 13:22:10.983648,High,Open
570,4713,Peterson-Burke,2934.3,CA,2026-05-24 13:22:10.950647,High,Open
490,3719,"Taylor, Walker and Castillo",2922.09,CA,2026-05-24 13:22:10.937444,High,Open
272,4376,Martinez Inc,2913.46,US,2026-05-24 13:22:10.899530,High,Open
337,3222,Jackson-Wells,2875.85,NG,2026-05-24 13:22:10.910355,High,Open
239,1230,"Davis, Guzman and Callahan",2873.53,US,2026-05-24 13:22:10.894266,High,Open
287,4238,Bridges-Murillo,2872.63,UK,2026-05-24 13:22:10.902116,High,Open
487,3965,Richards-Romero,2865.6,CA,2026-05-24 13:22:10.936809,High,Open
513,1739,Butler Inc,2860.38,US,2026-05-24 13:22:10.941193,High,Open
567,2259,"Davis, Cooper and Chavez",2854.44,UK,2026-05-24 13:22:10.950159,High,Open
266,3867,Merritt-Kemp,2817.56,US,2026-05-24 13:22:10.898785,High,Open
849,3864,"Ramirez, Howard and Parks",2788.32,US,2026-05-24 13:22:10.998915,High,Open
611,1916,"Hunt, Cunningham and Mccall",2761.88,CA,2026-05-24 13:22:10.957327,High,Open
54,4971,Duffy LLC,2761.56,NG,2026-05-24 13:22:10.858734,High,Open
257,4011,Berry-Adams,2747.28,US,2026-05-24 13:22:10.897386,High,Open
636,1970,Mann-Scott,2739.13,CA,2026-05-24 13:22:10.961597,High,Open
880,3262,Walker Inc,2707.91,UK,2026-05-24 13:22:11.003571,High,Open
307,3440,Mercado-Smith,2688.92,CA,2026-05-24 13:22:10.905520,High,Open
210,3251,Taylor-Mathews,2683.92,CA,2026-05-24 13:22:10.889244,High,Open
999,2818,"Wilson, Jones and Mccoy",2682.17,UK,2026-05-24 13:22:11.023955,High,Open
142,1242,Burke Ltd,2676.93,CA,2026-05-24 13:22:10.877090,High,Open
954,3848,Farrell-Edwards,2650.49,UK,2026-05-24 13:22:11.016463,High,Open
581,1847,Walker-Brown,2642.85,NG,2026-05-24 13:22:10.952379,High,Open
705,3359,"Warner, Peters and Green",2642.01,NG,2026-05-24 13:22:10.973513,High,Open
635,2677,Mccall-Mathis,2637.79,NG,2026-05-24 13:22:10.961426,High,Open
781,2596,Baker-Foster,2625.81,UK,2026-05-24 13:22:10.986684,High,Open
772,1339,Turner-Young,2616.45,NG,2026-05-24 13:22:10.984920,High,Open
371,2300,Adams PLC,2614.87,NG,2026-05-24 13:22:10.916301,High,Open
328,1798,"Martinez, Sparks and Hammond",2510.83,US,2026-05-24 13:22:10.908748,High,Open
113,2213,Rodriguez-Bennett,2492.44,NG,2026-05-24 13:22:10.871524,High,Open
922,2050,Sosa-Michael,2471.3,US,2026-05-24 13:22:11.010968,High,Open
577,2539,Hodge-Zamora,2458.0,CA,2026-05-24 13:22:10.951868,High,Open
12,4877,Garza-Santiago,2429.11,CA,2026-05-24 13:22:10.847926,High,Open
949,2384,Walker Ltd,2418.55,US,2026-05-24 13:22:11.015091,High,Open
126,3716,Hendrix-Holland,2414.07,CA,2026-05-24 13:22:10.873918,High,Open
419,1414,"Leach, Williams and Garrett",2364.78,US,2026-05-24 13:22:10.924821,High,Open
148,3693,"Thomas, Ramsey and Stevenson",2329.32,UK,2026-05-24 13:22:10.878204,High,Open
506,3436,Gonzalez-Carney,2317.37,US,2026-05-24 13:22:10.940110,High,Open
369,1859,Thompson Group,2314.77,UK,2026-05-24 13:22:10.916122,High,Open
60,4456,"Benton, Robertson and Ochoa",2211.05,US,2026-05-24 13:22:10.860029,High,Open
540,1007,Smith-Mcdonald,2195.05,NG,2026-05-24 13:22:10.945733,High,Open
923,3732,Murphy-Wu,2184.11,US,2026-05-24 13:22:11.011143,High,Open
549,4476,"Mills, Stein and Baker",2170.27,UK,2026-05-24 13:22:10.947482,High,Open
169,2897,"Jones, Allen and Bell",2167.39,US,2026-05-24 13:22:10.882648,High,Open
974,4575,Clark-Lloyd,2153.06,CA,2026-05-24 13:22:11.019815,High,Open
862,3764,"Brown, Schwartz and Gomez",2113.79,NG,2026-05-24 13:22:11.001171,High,Open
461,4839,"Wood, Buchanan and Ayers",2112.31,US,2026-05-24 13:22:10.932491,High,Open
107,1880,White-Lester,2109.1,US,2026-05-24 13:22:10.870456,High,Open
40,1706,Hernandez Group,2097.2,US,2026-05-24 13:22:10.855460,High,Open
384,3601,Davis PLC,2079.38,UK,2026-05-24 13:22:10.918755,High,Open
990,3641,"Allen, Carrillo and Brown",2079.26,US,2026-05-24 13:22:11.022325,High,Open
625,2313,"Lawson, Hill and Arroyo",2060.31,UK,2026-05-24 13:22:10.959977,High,Open
232,2733,"Gentry, Carroll and Robbins",2054.57,US,2026-05-24 13:22:10.892894,High,Open
355,3930,Smith and Sons,2053.47,US,2026-05-24 13:22:10.913763,High,Open
442,3997,Long-Edwards,2046.86,UK,2026-05-24 13:22:10.929072,High,Open
595,4883,Miller-Swanson,1998.89,US,2026-05-24 13:22:10.954311,Medium,Open
264,3864,Wilson Ltd,1981.63,US,2026-05-24 13:22:10.898393,Medium,Open
225,2803,"Thomas, Nguyen and Jones",1966.45,US,2026-05-24 13:22:10.891595,Medium,Open
727,3478,Rice-Hall,1965.94,NG,2026-05-24 13:22:10.977627,Medium,Open
628,4584,Mendez-Johnson,1870.53,US,2026-05-24 13:22:10.960494,Medium,Open
423,3975,Fleming-Avery,1858.04,UK,2026-05-24 13:22:10.925706,Medium,Open
906,2267,Carter-Smith,1836.27,US,2026-05-24 13:22:11.008140,Medium,Open
57,3695,Gomez and Sons,1823.04,US,2026-05-24 13:22:10.859123,Medium,Open
281,1008,"Williams, Russell and Foster",1813.77,CA,2026-05-24 13:22:10.901121,Medium,Open
783,4175,Ellis PLC,1778.37,UK,2026-05-24 13:22:10.986873,Medium,Open
590,3879,"Bowman, Wright and Drake",1758.88,UK,2026-05-24 13:22:10.953710,Medium,Open
458,3945,"Fernandez, Mendez and Crane",1749.73,CA,2026-05-24 13:22:10.931859,Medium,Open
318,4462,"Hall, Contreras and Welch",1697.14,US,2026-05-24 13:22:10.907266,Medium,Open
390,2923,"Richard, Shepherd and Salas",1679.24,NG,2026-05-24 13:22:10.920044,Medium,Open
196,1692,"Elliott, Rivera and Mooney",1638.25,UK,2026-05-24 13:22:10.887343,Medium,Open
7,3055,Allen Ltd,1625.01,NG,2026-05-24 13:22:10.845651,Medium,Open
489,4298,"Weber, Franco and Alvarez",1621.84,CA,2026-05-24 13:22:10.937208,Medium,Open
562,1321,Marks-Daniel,1605.11,CA,2026-05-24 13:22:10.949559,Medium,Open
4,3579,"Rubio, Adams and Cummings",1589.58,US,2026-05-24 13:22:10.844666,Medium,Open
348,4668,"Jensen, Butler and Smith",1584.05,CA,2026-05-24 13:22:10.912475,Medium,Open
494,4313,Richards and Sons,1570.56,US,2026-05-24 13:22:10.938102,Medium,Open
44,3852,Williams and Sons,1564.31,UK,2026-05-24 13:22:10.856061,Medium,Open
402,4600,David LLC,1563.06,NG,2026-05-24 13:22:10.921734,Medium,Open
653,4707,Bridges-Christian,1562.16,UK,2026-05-24 13:22:10.964832,Medium,Open
855,4531,Bullock-Barrera,1545.9,CA,2026-05-24 13:22:10.999818,Medium,Open
699,2337,"Johnson, Frye and Collier",1529.63,NG,2026-05-24 13:22:10.972443,Medium,Open
552,2436,Hoffman Ltd,1524.37,CA,2026-05-24 13:22:10.947962,Medium,Open
930,2777,Johnson-Gibson,1513.58,UK,2026-05-24 13:22:11.012021,Medium,Open
473,1402,Mitchell-Kelly,1471.56,UK,2026-05-24 13:22:10.934589,Medium,Open
189,3067,Garcia Group,1414.49,US,2026-05-24 13:22:10.885901,Medium,Open
103,4733,"Knight, Morales and Silva",1409.37,CA,2026-05-24 13:22:10.869596,Medium,Open
938,2645,Hall and Sons,1408.77,UK,2026-05-24 13:22:11.013368,Medium,Open
335,4898,"Miles, Cunningham and Jones",1384.3,US,2026-05-24 13:22:10.909803,Medium,Open
91,2959,Hanna Group,1367.22,UK,2026-05-24 13:22:10.866611,Medium,Open
874,2498,Romero Ltd,1360.25,CA,2026-05-24 13:22:11.002678,Medium,Open
976,2129,"Davis, Pope and Yoder",1279.61,US,2026-05-24 13:22:11.020209,Medium,Open
913,3716,Mcneil LLC,1279.17,CA,2026-05-24 13:22:11.009253,Medium,Open
13,4798,"Phillips, Moyer and Valdez",1270.32,NG,2026-05-24 13:22:10.848362,Medium,Open
863,2089,Lopez Ltd,1262.52,NG,2026-05-24 13:22:11.001261,Medium,Open
478,3253,"Martinez, Kennedy and Mendoza",1253.34,US,2026-05-24 13:22:10.935477,Medium,Open
553,2554,Todd-Travis,1238.56,UK,2026-05-24 13:22:10.948120,Medium,Open
657,2658,"Roberts, Rodriguez and Wilkerson",1235.3,CA,2026-05-24 13:22:10.965495,Medium,Open
17,2290,Mitchell Inc,1230.02,UK,2026-05-24 13:22:10.849169,Medium,Open
631,3722,Bond PLC,1224.27,NG,2026-05-24 13:22:10.960919,Medium,Open
180,3642,"Fowler, Gray and Anderson",1207.71,US,2026-05-24 13:22:10.884445,Medium,Open
406,2195,Smith LLC,1202.3,US,2026-05-24 13:22:10.922524,Medium,Open
65,4805,Jackson LLC,1173.26,CA,2026-05-24 13:22:10.861479,Medium,Open
293,4928,"Salas, Marsh and James",1159.02,UK,2026-05-24 13:22:10.903164,Medium,Open
84,1606,Miller-Stevenson,1155.94,US,2026-05-24 13:22:10.865174,Medium,Open
676,1970,Nguyen Group,1111.52,NG,2026-05-24 13:22:10.968508,Medium,Open
792,2671,Davis Group,1094.75,NG,2026-05-24 13:22:10.988289,Medium,Open
249,2724,Francis-Bell,1043.72,UK,2026-05-24 13:22:10.895960,Medium,Open
434,2093,Richardson-Phillips,1011.13,CA,2026-05-24 13:22:10.927645,Medium,Open
26,1951,"Shelton, Moreno and Howard",974.77,NG,2026-05-24 13:22:10.852078,Medium,Open
612,4868,Decker Group,941.0,NG,2026-05-24 13:22:10.957416,Medium,Open
583,3504,"Ward, Santiago and Kirk",930.37,CA,2026-05-24 13:22:10.952781,Medium,Open
435,2950,"Wilson, Oliver and Sanchez",877.2,UK,2026-05-24 13:22:10.927890,Medium,Open
670,1998,"Jones, Moss and Brown",871.75,CA,2026-05-24 13:22:10.967536,Medium,Open
455,4801,"Johnson, Perez and Williams",840.01,NG,2026-05-24 13:22:10.931177,Medium,Open
304,3691,Anderson and Sons,835.58,UK,2026-05-24 13:22:10.905032,Medium,Open
973,4171,"Washington, Stevens and Stone",830.61,UK,2026-05-24 13:22:11.019654,Medium,Open
654,1326,"Armstrong, Camacho and Braun",811.38,NG,2026-05-24 13:22:10.965071,Medium,Open
748,3320,"Lopez, Harris and Dennis",784.17,CA,2026-05-24 13:22:10.980960,Medium,Open
586,2622,Davidson-Coffey,781.04,CA,2026-05-24 13:22:10.953125,Medium,Open
258,3318,"Moss, Little and Copeland",780.39,US,2026-05-24 13:22:10.897646,Medium,Open
42,2922,Malone-Smith,740.34,US,2026-05-24 13:22:10.855809,Medium,Open
537,3577,Jones Inc,683.21,NG,2026-05-24 13:22:10.945174,Medium,Open
791,3667,"Butler, Matthews and Underwood",682.33,CA,2026-05-24 13:22:10.988180,Medium,Open
294,2412,"Garrett, English and Stewart",666.22,CA,2026-05-24 13:22:10.903400,Medium,Open
602,4315,Randall-Li,657.15,NG,2026-05-24 13:22:10.955666,Medium,Open
842,1567,"Mccarthy, Cooper and Robertson",644.36,CA,2026-05-24 13:22:10.997716,Medium,Open
289,3608,Rogers-Smith,629.68,US,2026-05-24 13:22:10.902368,Medium,Open
573,4942,Garcia Inc,620.42,NG,2026-05-24 13:22:10.951066,Medium,Open
940,1098,"Martin, Medina and Hunter",618.73,US,2026-05-24 13:22:11.013750,Medium,Open
501,1361,Alvarez PLC,591.42,UK,2026-05-24 13:22:10.939200,Medium,Open
714,3563,Higgins Group,579.65,CA,2026-05-24 13:22:10.975041,Medium,Open
753,1307,Romero and Sons,577.06,UK,2026-05-24 13:22:10.981783,Medium,Open
604,2098,White Inc,574.05,NG,2026-05-24 13:22:10.955991,Medium,Open
561,3677,"Bradley, Coleman and Wilson",558.94,US,2026-05-24 13:22:10.949391,Medium,Open
178,3704,Evans and Sons,556.31,CA,2026-05-24 13:22:10.884103,Medium,Open
138,3339,Moreno and Sons,478.12,CA,2026-05-24 13:22:10.876192,Medium,Open
694,2559,Gutierrez Inc,476.73,NG,2026-05-24 13:22:10.971606,Medium,Open
322,4913,Thompson PLC,441.43,US,2026-05-24 13:22:10.907773,Medium,Open
198,1989,Flores Inc,401.0,US,2026-05-24 13:22:10.887521,Medium,Open
895,2692,Calhoun-Mitchell,385.65,NG,2026-05-24 13:22:11.006148,Medium,Open
558,1531,Smith Ltd,367.99,NG,2026-05-24 13:22:10.948894,Medium,Open
520,4244,Harris LLC,353.25,NG,2026-05-24 13:22:10.942023,Medium,Open
243,3089,Anderson Ltd,350.57,NG,2026-05-24 13:22:10.894847,Medium,Open
453,2868,Robinson-Taylor,346.62,UK,2026-05-24 13:22:10.930824,Medium,Open
88,1122,Smith-Miller,346.57,US,2026-05-24 13:22:10.866111,Medium,Open
234,1810,Heath-Hernandez,298.34,NG,2026-05-24 13:22:10.893218,Medium,Open
987,4121,Lopez-Banks,295.16,NG,2026-05-24 13:22:11.021845,Medium,Open
387,4944,"Douglas, Williams and Jones",284.35,UK,2026-05-24 13:22:10.919400,Medium,Open
39,1840,"Vasquez, Lewis and Carroll",276.92,UK,2026-05-24 13:22:10.855334,Medium,Open
601,4561,Parker and Sons,270.69,US,2026-05-24 13:22:10.955506,Medium,Open
324,3713,Strickland and Sons,268.07,UK,2026-05-24 13:22:10.908098,Medium,Open
734,3560,Howell LLC,262.63,NG,2026-05-24 13:22:10.978772,Medium,Open
135,3751,Acosta-Armstrong,212.57,NG,2026-05-24 13:22:10.875605,Medium,Open
351,4108,"Hall, Graham and Reilly",191.06,NG,2026-05-24 13:22:10.913042,Medium,Open
237,3615,Willis-Barron,78.68,US,2026-05-24 13:22:10.893699,Medium,Open
310,3334,Frye-Lang,71.23,CA,2026-05-24 13:22:10.906011,Medium,Open
236,4260,"Crawford, Wilson and Meza",31.96,US,2026-05-24 13:22:10.893541,Medium,Open
774,1461,Baker-Knight,28.66,NG,2026-05-24 13:22:10.985239,Medium,Open
909,1588,Bradley-Ortiz,15.41,CA,2026-05-24 13:22:11.008647,Medium,Open
