transaction_id,customer_id,merchant,amount,transaction_type,country,status,timestamp,is_fraud
1,3239,Robinson Ltd,1150.56,withdrawal,US,declined,2026-05-24 13:22:10.842800,0
2,3069,Powell-Salazar,2822.98,purchase,CA,approved,2026-05-24 13:22:10.843265,0
3,3425,"Gibson, Young and Shaw",4662.86,withdrawal,UK,declined,2026-05-24 13:22:10.843922,0
4,3579,"Rubio, Adams and Cummings",1589.58,withdrawal,US,declined,2026-05-24 13:22:10.844666,1
5,3284,"Owen, Melton and Richardson",2453.35,transfer,UK,approved,2026-05-24 13:22:10.845238,0
6,1616,Massey PLC,4426.02,withdrawal,CA,approved,2026-05-24 13:22:10.845450,0
7,3055,Allen Ltd,1625.01,transfer,NG,declined,2026-05-24 13:22:10.845651,1
8,3910,"Davis, Wilson and Thornton",4915.63,withdrawal,UK,declined,2026-05-24 13:22:10.846178,0
9,2388,Wright-Aguirre,548.48,purchase,NG,approved,2026-05-24 13:22:10.846536,0
10,3213,Brown-Fowler,2110.76,withdrawal,NG,declined,2026-05-24 13:22:10.847117,0
11,1078,"Allen, Evans and Johnson",4933.19,transfer,UK,approved,2026-05-24 13:22:10.847603,0
12,4877,Garza-Santiago,2429.11,purchase,CA,declined,2026-05-24 13:22:10.847926,1
13,4798,"Phillips, Moyer and Valdez",1270.32,transfer,NG,declined,2026-05-24 13:22:10.848362,1
14,3806,Harvey Ltd,654.05,withdrawal,US,declined,2026-05-24 13:22:10.848531,0
15,3236,Cox and Sons,173.16,transfer,UK,approved,2026-05-24 13:22:10.848698,0
16,3750,Collins-Stevenson,2162.9,transfer,CA,declined,2026-05-24 13:22:10.849000,0
17,2290,Mitchell Inc,1230.02,withdrawal,UK,approved,2026-05-24 13:22:10.849169,1
18,4243,Villanueva Inc,13.92,purchase,CA,declined,2026-05-24 13:22:10.849335,0
19,4864,"Smith, Small and Scott",1454.69,transfer,UK,declined,2026-05-24 13:22:10.849763,0
20,1145,"Myers, Harvey and Woodward",3036.81,transfer,UK,declined,2026-05-24 13:22:10.850188,1
21,1736,Shaffer-Taylor,4158.49,withdrawal,UK,approved,2026-05-24 13:22:10.850481,0
22,1536,Ferguson-Ferguson,2274.08,purchase,NG,approved,2026-05-24 13:22:10.850772,0
23,1345,"Hernandez, Carpenter and Melton",3709.87,withdrawal,UK,approved,2026-05-24 13:22:10.851197,1
24,2903,Walker Ltd,1362.62,withdrawal,US,declined,2026-05-24 13:22:10.851362,0
25,2802,David-Roberts,2476.75,withdrawal,NG,approved,2026-05-24 13:22:10.851652,0
26,1951,"Shelton, Moreno and Howard",974.77,withdrawal,NG,declined,2026-05-24 13:22:10.852078,1
27,3091,Wyatt-Ross,1334.38,withdrawal,NG,declined,2026-05-24 13:22:10.852374,0
28,2862,Colon Inc,4467.74,transfer,UK,declined,2026-05-24 13:22:10.852538,0
29,4939,Hopkins-Wells,2847.75,withdrawal,CA,declined,2026-05-24 13:22:10.852832,0
30,1892,Oliver LLC,1495.95,withdrawal,NG,approved,2026-05-24 13:22:10.852997,0
31,3067,"Velasquez, Hill and Williams",1321.32,withdrawal,CA,declined,2026-05-24 13:22:10.853427,0
32,1980,Flowers and Sons,2805.63,purchase,CA,approved,2026-05-24 13:22:10.853556,0
33,3288,Gross-Shepherd,4475.13,withdrawal,US,approved,2026-05-24 13:22:10.853778,0
34,4029,"Shelton, Hensley and Holloway",2491.41,withdrawal,US,approved,2026-05-24 13:22:10.854110,0
35,1924,"West, Ramirez and Johnson",4329.54,transfer,UK,declined,2026-05-24 13:22:10.854435,0
36,3498,Riley-Foster,3588.03,purchase,UK,declined,2026-05-24 13:22:10.854659,0
37,1060,Burns-Williams,4077.44,withdrawal,NG,approved,2026-05-24 13:22:10.854883,1
38,4595,Hale Ltd,3960.8,purchase,CA,declined,2026-05-24 13:22:10.855010,0
39,1840,"Vasquez, Lewis and Carroll",276.92,purchase,UK,declined,2026-05-24 13:22:10.855334,1
40,1706,Hernandez Group,2097.2,transfer,US,declined,2026-05-24 13:22:10.855460,1
41,1031,Li Inc,2038.02,purchase,CA,approved,2026-05-24 13:22:10.855586,0
42,2922,Malone-Smith,740.34,withdrawal,US,declined,2026-05-24 13:22:10.855809,1
43,2579,Simpson Inc,3272.55,purchase,NG,declined,2026-05-24 13:22:10.855936,1
44,3852,Williams and Sons,1564.31,withdrawal,UK,declined,2026-05-24 13:22:10.856061,1
45,1749,Morris PLC,3293.21,withdrawal,CA,approved,2026-05-24 13:22:10.856186,0
46,1186,"Doyle, Roth and Wright",1146.04,withdrawal,UK,declined,2026-05-24 13:22:10.856513,0
47,3961,Chang-Newton,4089.95,transfer,CA,declined,2026-05-24 13:22:10.856738,1
48,1037,Moore-Herman,4304.79,withdrawal,US,approved,2026-05-24 13:22:10.856969,0
49,2920,"Gonzalez, Taylor and Martinez",4342.39,transfer,NG,approved,2026-05-24 13:22:10.857296,1
50,2587,Townsend-Lee,4416.53,purchase,UK,declined,2026-05-24 13:22:10.857521,1
51,2473,"Pope, Ramirez and Mora",133.64,purchase,UK,declined,2026-05-24 13:22:10.857969,0
52,4832,"Campbell, Soto and Jacobs",3284.25,transfer,US,declined,2026-05-24 13:22:10.858356,0
53,2492,Simmons-Moore,3393.67,withdrawal,US,declined,2026-05-24 13:22:10.858598,1
54,4971,Duffy LLC,2761.56,withdrawal,NG,declined,2026-05-24 13:22:10.858734,1
55,4646,Burton LLC,2613.19,purchase,US,declined,2026-05-24 13:22:10.858865,0
56,4934,Short Group,4684.33,transfer,US,approved,2026-05-24 13:22:10.858994,0
57,3695,Gomez and Sons,1823.04,withdrawal,US,declined,2026-05-24 13:22:10.859123,1
58,2442,"Mendoza, Sims and Garcia",323.19,withdrawal,US,approved,2026-05-24 13:22:10.859462,0
59,1096,Gallegos-Hogan,1450.64,purchase,UK,approved,2026-05-24 13:22:10.859692,0
60,4456,"Benton, Robertson and Ochoa",2211.05,withdrawal,US,approved,2026-05-24 13:22:10.860029,1
61,2163,"Taylor, Mcdonald and Walker",446.56,withdrawal,NG,declined,2026-05-24 13:22:10.860419,0
62,3668,"White, Ortiz and Williams",1450.03,withdrawal,CA,approved,2026-05-24 13:22:10.860781,0
63,3569,Carroll-Olsen,1764.97,purchase,UK,declined,2026-05-24 13:22:10.861016,0
64,1278,"Brown, Johnson and Gilbert",4079.65,purchase,US,approved,2026-05-24 13:22:10.861348,0
65,4805,Jackson LLC,1173.26,purchase,CA,declined,2026-05-24 13:22:10.861479,1
66,1081,"Flores, Pearson and Reynolds",3118.31,purchase,UK,approved,2026-05-24 13:22:10.861783,1
67,2388,Ford-Bishop,460.36,withdrawal,CA,approved,2026-05-24 13:22:10.861973,0
68,4111,West-Kelly,1072.64,transfer,US,approved,2026-05-24 13:22:10.862163,0
69,2984,"Lawson, Martin and Castaneda",2101.17,transfer,UK,approved,2026-05-24 13:22:10.862439,0
70,4693,"Ortega, Wilson and Allen",3965.7,purchase,UK,declined,2026-05-24 13:22:10.862725,0
71,3729,Campbell-Hicks,1033.33,transfer,UK,approved,2026-05-24 13:22:10.862948,0
72,4836,"Griffin, Fitzgerald and Yang",4535.14,purchase,US,approved,2026-05-24 13:22:10.863278,0
73,1420,Gonzalez and Sons,1510.24,transfer,US,approved,2026-05-24 13:22:10.863395,0
74,4152,Ross-Mcgee,2349.08,transfer,NG,approved,2026-05-24 13:22:10.863590,0
75,4066,Bass-Armstrong,549.2,purchase,NG,declined,2026-05-24 13:22:10.863784,0
76,4429,Medina-Thompson,4249.68,purchase,NG,declined,2026-05-24 13:22:10.863976,0
77,1907,Ramirez-Alvarez,2062.5,withdrawal,NG,declined,2026-05-24 13:22:10.864167,0
78,1268,Guzman LLC,2407.62,withdrawal,NG,approved,2026-05-24 13:22:10.864277,0
79,1076,Ferguson Group,358.07,purchase,UK,approved,2026-05-24 13:22:10.864385,0
80,1552,Salinas PLC,1589.87,transfer,NG,approved,2026-05-24 13:22:10.864493,0
81,3949,Perez Group,4860.15,withdrawal,US,approved,2026-05-24 13:22:10.864599,0
82,4897,White PLC,3969.55,withdrawal,NG,declined,2026-05-24 13:22:10.864704,0
83,3390,"Moses, Rodriguez and Harper",1475.38,withdrawal,US,approved,2026-05-24 13:22:10.864983,0
84,1606,Miller-Stevenson,1155.94,withdrawal,US,declined,2026-05-24 13:22:10.865174,1
85,3111,"Hawkins, Smith and Fitzgerald",3452.23,purchase,CA,declined,2026-05-24 13:22:10.865452,1
86,3343,"Nguyen, Thompson and Hines",628.03,transfer,NG,approved,2026-05-24 13:22:10.865731,0
87,4243,May-Shelton,3094.5,transfer,US,approved,2026-05-24 13:22:10.865921,0
88,1122,Smith-Miller,346.57,transfer,US,approved,2026-05-24 13:22:10.866111,1
89,3292,"Johnson, Hoffman and Sosa",56.02,withdrawal,US,approved,2026-05-24 13:22:10.866389,0
90,2594,Hall Inc,2440.61,transfer,US,approved,2026-05-24 13:22:10.866503,0
91,2959,Hanna Group,1367.22,transfer,UK,declined,2026-05-24 13:22:10.866611,1
92,3018,"Young, Nelson and Schmidt",4903.42,transfer,CA,declined,2026-05-24 13:22:10.866890,0
93,4831,"Salazar, Gould and Matthews",2448.06,withdrawal,UK,declined,2026-05-24 13:22:10.867167,0
94,1923,Douglas-Rice,4992.18,withdrawal,NG,declined,2026-05-24 13:22:10.867358,0
95,2443,Garcia-Davis,4047.89,withdrawal,CA,declined,2026-05-24 13:22:10.867546,0
96,1935,"Roberts, Miller and Barry",3482.19,purchase,NG,declined,2026-05-24 13:22:10.867827,0
97,4357,Singh-Garcia,3484.12,transfer,US,approved,2026-05-24 13:22:10.868022,0
98,2374,Anthony-Trujillo,2006.55,purchase,UK,declined,2026-05-24 13:22:10.868213,0
99,4696,"Nguyen, Stein and Carter",74.6,purchase,NG,declined,2026-05-24 13:22:10.868490,0
100,2293,Freeman-Stone,3810.02,withdrawal,NG,declined,2026-05-24 13:22:10.868679,0
101,2111,"Delacruz, Perez and Williams",4723.13,withdrawal,NG,approved,2026-05-24 13:22:10.868954,0
102,2463,"Rivas, Perez and Sutton",2594.97,withdrawal,UK,declined,2026-05-24 13:22:10.869302,0
103,4733,"Knight, Morales and Silva",1409.37,purchase,CA,approved,2026-05-24 13:22:10.869596,1
104,4285,"Sanders, York and Kidd",2597.56,withdrawal,UK,declined,2026-05-24 13:22:10.869878,0
105,1996,Greene-Davenport,649.34,purchase,CA,approved,2026-05-24 13:22:10.870068,0
106,2405,Jones-Pruitt,1369.64,withdrawal,CA,approved,2026-05-24 13:22:10.870260,0
107,1880,White-Lester,2109.1,transfer,US,approved,2026-05-24 13:22:10.870456,1
108,4381,"Parker, Lawrence and Castillo",3408.33,purchase,NG,declined,2026-05-24 13:22:10.870736,0
109,2482,Ryan Inc,4016.33,transfer,US,declined,2026-05-24 13:22:10.870848,1
110,3815,Haney Inc,1682.39,purchase,CA,declined,2026-05-24 13:22:10.870957,0
111,3000,Braun Ltd,2478.16,purchase,CA,approved,2026-05-24 13:22:10.871062,0
112,3847,"Wheeler, Stephens and Houston",3648.64,transfer,US,declined,2026-05-24 13:22:10.871336,0
113,2213,Rodriguez-Bennett,2492.44,purchase,NG,approved,2026-05-24 13:22:10.871524,1
114,1869,"Johnson, Flores and Johnson",4717.76,transfer,CA,approved,2026-05-24 13:22:10.871811,1
115,2849,"Wells, Jones and Gardner",4772.78,withdrawal,CA,declined,2026-05-24 13:22:10.872054,0
116,4415,Phillips Ltd,2236.81,transfer,NG,approved,2026-05-24 13:22:10.872148,0
117,3574,Black-Bell,3283.35,withdrawal,CA,declined,2026-05-24 13:22:10.872314,0
118,3069,"Cole, Long and Flores",2236.75,purchase,US,approved,2026-05-24 13:22:10.872558,0
119,3067,"Pierce, Wright and Taylor",755.05,transfer,US,approved,2026-05-24 13:22:10.872805,0
120,3898,Chaney PLC,1672.11,purchase,NG,approved,2026-05-24 13:22:10.872900,0
121,3604,"Yang, Vaughn and Ayers",165.28,withdrawal,NG,declined,2026-05-24 13:22:10.873145,0
122,2276,Pierce and Sons,3599.03,withdrawal,CA,declined,2026-05-24 13:22:10.873239,0
123,1270,"Harrison, Mcclure and Taylor",3123.83,transfer,US,approved,2026-05-24 13:22:10.873489,0
124,1632,Werner-Lee,3446.51,transfer,US,declined,2026-05-24 13:22:10.873657,0
125,3834,Rivas Inc,4497.05,transfer,CA,approved,2026-05-24 13:22:10.873751,0
126,3716,Hendrix-Holland,2414.07,purchase,CA,declined,2026-05-24 13:22:10.873918,1
127,2969,Berg-Walker,84.05,purchase,CA,approved,2026-05-24 13:22:10.874085,0
128,2802,"Johnson, Graham and Henderson",3993.27,purchase,US,approved,2026-05-24 13:22:10.874381,0
129,4735,Collins-Fitzgerald,4193.73,transfer,US,approved,2026-05-24 13:22:10.874570,0
130,1743,Vaughan and Sons,237.03,purchase,CA,declined,2026-05-24 13:22:10.874670,0
131,1061,"Porter, Alvarez and Boyd",1508.54,purchase,US,approved,2026-05-24 13:22:10.874918,0
132,2178,Young Group,2129.75,withdrawal,UK,declined,2026-05-24 13:22:10.875013,0
133,1671,Campbell-Salazar,1846.27,transfer,NG,declined,2026-05-24 13:22:10.875183,0
134,1071,"Lee, Jenkins and Brown",3033.37,withdrawal,NG,declined,2026-05-24 13:22:10.875428,0
135,3751,Acosta-Armstrong,212.57,transfer,NG,declined,2026-05-24 13:22:10.875605,1
136,2957,"Bailey, Austin and Barnes",659.97,withdrawal,US,approved,2026-05-24 13:22:10.875851,0
137,1947,"Fuentes, White and Hall",3371.44,purchase,CA,declined,2026-05-24 13:22:10.876095,0
138,3339,Moreno and Sons,478.12,withdrawal,CA,approved,2026-05-24 13:22:10.876192,1
139,2232,"Horton, Martinez and Foley",631.8,purchase,UK,declined,2026-05-24 13:22:10.876436,0
140,2583,"Jones, Garcia and Perez",3694.12,withdrawal,NG,declined,2026-05-24 13:22:10.876739,0
141,2728,Ramos-Miller,1061.14,transfer,US,declined,2026-05-24 13:22:10.876985,0
142,1242,Burke Ltd,2676.93,withdrawal,CA,declined,2026-05-24 13:22:10.877090,1
143,2654,"Ibarra, Wu and Russell",763.03,purchase,NG,declined,2026-05-24 13:22:10.877341,0
144,2576,Porter Inc,1875.61,transfer,CA,declined,2026-05-24 13:22:10.877437,0
145,4249,Miller PLC,4305.4,withdrawal,UK,declined,2026-05-24 13:22:10.877531,0
146,4461,Perez-Carlson,1751.89,transfer,NG,declined,2026-05-24 13:22:10.877697,0
147,3244,"Wells, Lewis and Kelly",4193.54,transfer,NG,declined,2026-05-24 13:22:10.877950,0
148,3693,"Thomas, Ramsey and Stevenson",2329.32,withdrawal,UK,approved,2026-05-24 13:22:10.878204,1
149,1391,"Bates, Baker and Miranda",2791.41,withdrawal,US,declined,2026-05-24 13:22:10.878450,0
150,1095,"Bailey, Jones and Stewart",3111.24,transfer,US,approved,2026-05-24 13:22:10.878695,0
151,4466,"Ramirez, Stephens and Rodriguez",2583.61,transfer,CA,approved,2026-05-24 13:22:10.878943,0
152,2611,Orr-Rodriguez,4125.86,purchase,UK,declined,2026-05-24 13:22:10.879112,1
153,2195,Werner-Mcdonald,1793.94,withdrawal,NG,approved,2026-05-24 13:22:10.879338,0
154,4368,Malone-Ray,2666.78,transfer,NG,approved,2026-05-24 13:22:10.879510,0
155,3500,"Garcia, Kirby and Contreras",2329.2,purchase,UK,approved,2026-05-24 13:22:10.879754,0
156,1301,"Bean, Murillo and Miranda",1244.61,transfer,NG,declined,2026-05-24 13:22:10.879997,0
157,3746,"Cannon, Lester and Sullivan",1386.24,withdrawal,CA,approved,2026-05-24 13:22:10.880240,0
158,1131,"Jenkins, Martinez and Lee",274.4,purchase,US,declined,2026-05-24 13:22:10.880489,0
159,2218,"Harper, Lopez and Roberson",864.17,withdrawal,US,declined,2026-05-24 13:22:10.880733,0
160,4517,Patrick LLC,186.92,purchase,UK,approved,2026-05-24 13:22:10.880827,0
161,1397,"Campbell, Edwards and Ayers",272.11,withdrawal,UK,declined,2026-05-24 13:22:10.881071,0
162,3399,"Dean, Mejia and Wood",3198.25,purchase,NG,approved,2026-05-24 13:22:10.881319,1
163,1269,"Fowler, Hale and Miller",2747.55,purchase,UK,approved,2026-05-24 13:22:10.881562,0
164,3184,Mendez and Sons,4545.46,withdrawal,CA,declined,2026-05-24 13:22:10.881656,1
165,2213,Jacobs-Mathis,556.89,transfer,US,approved,2026-05-24 13:22:10.881823,0
166,3702,"Gray, Navarro and Meadows",3423.95,transfer,US,declined,2026-05-24 13:22:10.882066,0
167,2621,Moore LLC,2263.33,withdrawal,NG,approved,2026-05-24 13:22:10.882161,0
168,2098,"Price, Conley and Jones",510.76,transfer,CA,declined,2026-05-24 13:22:10.882407,0
169,2897,"Jones, Allen and Bell",2167.39,purchase,US,declined,2026-05-24 13:22:10.882648,1
170,4947,Rodriguez LLC,4739.18,transfer,UK,approved,2026-05-24 13:22:10.882741,0
171,2526,Wood Group,3569.19,withdrawal,NG,approved,2026-05-24 13:22:10.882837,0
172,1852,Small-Reid,2091.18,transfer,US,declined,2026-05-24 13:22:10.883004,0
173,3142,"Murphy, Hernandez and Duncan",361.56,withdrawal,NG,approved,2026-05-24 13:22:10.883246,0
174,4802,Juarez Group,1211.38,withdrawal,US,approved,2026-05-24 13:22:10.883349,0
175,3533,"Lee, Moore and Mata",4083.37,purchase,CA,declined,2026-05-24 13:22:10.883595,0
176,2821,Johnson-Cooper,4314.18,transfer,NG,approved,2026-05-24 13:22:10.883763,1
177,3741,"Gonzalez, Reed and Stevens",1134.4,purchase,CA,declined,2026-05-24 13:22:10.884008,0
178,3704,Evans and Sons,556.31,purchase,CA,approved,2026-05-24 13:22:10.884103,1
179,4779,Terry PLC,1296.5,withdrawal,CA,declined,2026-05-24 13:22:10.884199,0
180,3642,"Fowler, Gray and Anderson",1207.71,withdrawal,US,approved,2026-05-24 13:22:10.884445,1
181,1093,"Smith, Palmer and Bradford",3300.71,withdrawal,US,approved,2026-05-24 13:22:10.884690,0
182,2534,Hernandez-Fitzpatrick,3031.19,purchase,CA,declined,2026-05-24 13:22:10.884858,0
183,1402,Taylor Inc,2826.41,purchase,NG,declined,2026-05-24 13:22:10.884952,0
184,4415,Douglas-Neal,2792.5,withdrawal,NG,approved,2026-05-24 13:22:10.885124,0
185,1163,Porter-Jackson,377.27,purchase,UK,approved,2026-05-24 13:22:10.885301,0
186,3242,"Bradford, Martinez and Ayala",3114.12,transfer,UK,declined,2026-05-24 13:22:10.885596,0
187,2441,King Ltd,2972.32,purchase,CA,declined,2026-05-24 13:22:10.885709,0
188,2204,Watson Ltd,2340.88,transfer,US,approved,2026-05-24 13:22:10.885806,0
189,3067,Garcia Group,1414.49,transfer,US,declined,2026-05-24 13:22:10.885901,1
190,2779,"Stanley, Jones and Peterson",203.37,transfer,NG,declined,2026-05-24 13:22:10.886147,0
191,3300,Mitchell-Greer,4822.63,purchase,NG,declined,2026-05-24 13:22:10.886326,1
192,3773,"Brown, Montoya and Le",2780.82,transfer,US,declined,2026-05-24 13:22:10.886557,0
193,4243,"Herrera, Cameron and Salas",1867.92,purchase,US,declined,2026-05-24 13:22:10.886791,0
194,4404,Berg Inc,2928.76,transfer,NG,declined,2026-05-24 13:22:10.886881,0
195,4510,"Bowers, Garcia and Torres",3102.15,purchase,CA,declined,2026-05-24 13:22:10.887112,0
196,1692,"Elliott, Rivera and Mooney",1638.25,transfer,UK,declined,2026-05-24 13:22:10.887343,1
197,4291,Smith Inc,3772.71,withdrawal,NG,approved,2026-05-24 13:22:10.887432,0
198,1989,Flores Inc,401.0,purchase,US,declined,2026-05-24 13:22:10.887521,1
199,4597,Davis PLC,2515.04,transfer,UK,declined,2026-05-24 13:22:10.887609,0
200,2743,Williams Inc,3878.59,withdrawal,NG,approved,2026-05-24 13:22:10.887697,0
201,1458,Garcia-Woods,4663.22,transfer,NG,approved,2026-05-24 13:22:10.887853,1
202,4229,"Torres, Wood and Zamora",761.97,transfer,US,approved,2026-05-24 13:22:10.888084,0
203,1616,Leonard PLC,3401.94,withdrawal,US,declined,2026-05-24 13:22:10.888172,0
204,1882,Barajas and Sons,2985.43,transfer,NG,declined,2026-05-24 13:22:10.888260,0
205,3134,Young-Giles,4706.16,purchase,UK,approved,2026-05-24 13:22:10.888427,0
206,4365,Fowler Group,3113.48,purchase,NG,approved,2026-05-24 13:22:10.888513,0
207,3479,Robbins-Cannon,1085.96,purchase,UK,approved,2026-05-24 13:22:10.888671,0
208,4575,"Atkinson, Young and Rogers",2700.0,withdrawal,UK,declined,2026-05-24 13:22:10.888898,0
209,1628,Blair-White,2155.35,withdrawal,NG,approved,2026-05-24 13:22:10.889052,0
210,3251,Taylor-Mathews,2683.92,purchase,CA,declined,2026-05-24 13:22:10.889244,1
211,3778,Thompson Group,4634.07,withdrawal,US,declined,2026-05-24 13:22:10.889332,1
212,3716,Blackwell-Edwards,315.59,transfer,US,declined,2026-05-24 13:22:10.889485,0
213,4434,"Freeman, English and Vasquez",2619.81,withdrawal,UK,declined,2026-05-24 13:22:10.889711,0
214,2213,Garcia Inc,1859.74,purchase,US,declined,2026-05-24 13:22:10.889798,0
215,4697,Hernandez Group,2482.66,transfer,UK,approved,2026-05-24 13:22:10.889886,0
216,1779,Smith-Bennett,2688.12,withdrawal,NG,approved,2026-05-24 13:22:10.890040,0
217,3704,Brown PLC,3871.95,withdrawal,NG,declined,2026-05-24 13:22:10.890127,0
218,4931,Curtis LLC,1772.94,transfer,NG,declined,2026-05-24 13:22:10.890212,0
219,4634,Anderson and Sons,3706.73,withdrawal,CA,approved,2026-05-24 13:22:10.890298,0
220,2303,Ross-Peterson,2997.03,purchase,UK,approved,2026-05-24 13:22:10.890490,0
221,3095,"Carter, Crawford and Barrera",4443.25,purchase,US,declined,2026-05-24 13:22:10.890744,0
222,1949,Love Inc,3120.89,withdrawal,UK,approved,2026-05-24 13:22:10.890830,0
223,2899,Houston-Villarreal,1702.07,purchase,UK,approved,2026-05-24 13:22:10.890984,0
224,3216,"Brown, Wiggins and Trujillo",4157.79,withdrawal,CA,declined,2026-05-24 13:22:10.891228,1
225,2803,"Thomas, Nguyen and Jones",1966.45,purchase,US,declined,2026-05-24 13:22:10.891595,1
226,3694,Simmons-Buck,4301.56,purchase,NG,approved,2026-05-24 13:22:10.891774,0
227,3091,Holland Ltd,1866.45,purchase,UK,approved,2026-05-24 13:22:10.891868,0
228,1816,"Simpson, Garcia and Miller",440.4,purchase,US,approved,2026-05-24 13:22:10.892104,0
229,1445,"Allen, Smith and Hurst",4423.04,withdrawal,UK,approved,2026-05-24 13:22:10.892338,0
230,3438,Scott PLC,3492.99,purchase,CA,approved,2026-05-24 13:22:10.892429,0
231,2158,"Murphy, Gutierrez and Odonnell",637.38,transfer,US,approved,2026-05-24 13:22:10.892662,0
232,2733,"Gentry, Carroll and Robbins",2054.57,transfer,US,approved,2026-05-24 13:22:10.892894,1
233,4152,Hudson-Davis,3447.07,withdrawal,NG,approved,2026-05-24 13:22:10.893054,0
234,1810,Heath-Hernandez,298.34,purchase,NG,approved,2026-05-24 13:22:10.893218,1
235,2658,Johnston Ltd,4634.29,transfer,UK,approved,2026-05-24 13:22:10.893308,0
236,4260,"Crawford, Wilson and Meza",31.96,withdrawal,US,declined,2026-05-24 13:22:10.893541,1
237,3615,Willis-Barron,78.68,withdrawal,US,approved,2026-05-24 13:22:10.893699,1
238,2668,"Mitchell, Holt and Harvey",2290.68,withdrawal,CA,approved,2026-05-24 13:22:10.894033,0
239,1230,"Davis, Guzman and Callahan",2873.53,transfer,US,declined,2026-05-24 13:22:10.894266,1
240,1004,Thomas Group,4046.55,withdrawal,CA,declined,2026-05-24 13:22:10.894358,0
241,2972,Perry-Frank,2993.06,withdrawal,NG,approved,2026-05-24 13:22:10.894518,1
242,1757,"Chapman, Warren and Paul",4245.04,purchase,NG,declined,2026-05-24 13:22:10.894757,0
243,3089,Anderson Ltd,350.57,purchase,NG,declined,2026-05-24 13:22:10.894847,1
244,4141,"Gutierrez, Mercado and Ayala",1943.22,transfer,CA,declined,2026-05-24 13:22:10.895130,0
245,3089,King PLC,3275.8,purchase,CA,declined,2026-05-24 13:22:10.895262,0
246,1100,Patel-Mccarthy,412.61,withdrawal,UK,declined,2026-05-24 13:22:10.895432,0
247,3457,Watson Inc,1934.58,purchase,CA,approved,2026-05-24 13:22:10.895556,0
248,1196,"Freeman, Wilson and Jefferson",4407.24,withdrawal,NG,declined,2026-05-24 13:22:10.895785,1
249,2724,Francis-Bell,1043.72,transfer,UK,approved,2026-05-24 13:22:10.895960,1
250,1846,"Harris, Thompson and Pittman",4894.6,purchase,CA,declined,2026-05-24 13:22:10.896232,1
251,1719,"Black, Hancock and Harris",3851.88,withdrawal,US,approved,2026-05-24 13:22:10.896512,1
252,3723,"Knight, Kelly and Miller",3354.4,withdrawal,UK,declined,2026-05-24 13:22:10.896751,0
253,3494,Harmon PLC,3262.17,transfer,CA,declined,2026-05-24 13:22:10.896838,1
254,4086,Garcia and Sons,4263.9,transfer,NG,approved,2026-05-24 13:22:10.896925,1
255,4217,Clark-Perez,2310.8,withdrawal,US,approved,2026-05-24 13:22:10.897078,0
256,4626,Page-Mcknight,1124.59,transfer,CA,approved,2026-05-24 13:22:10.897233,0
257,4011,Berry-Adams,2747.28,purchase,US,approved,2026-05-24 13:22:10.897386,1
258,3318,"Moss, Little and Copeland",780.39,purchase,US,declined,2026-05-24 13:22:10.897646,1
259,1437,Orozco-Rodriguez,3886.88,purchase,NG,approved,2026-05-24 13:22:10.897800,0
260,4992,Lester and Sons,252.29,withdrawal,CA,declined,2026-05-24 13:22:10.897887,0
261,3440,"Martinez, Patterson and Brown",2503.47,transfer,CA,approved,2026-05-24 13:22:10.898111,0
262,3456,Robertson Inc,4270.51,purchase,CA,approved,2026-05-24 13:22:10.898198,0
263,4890,Johnson Group,3854.72,transfer,UK,approved,2026-05-24 13:22:10.898304,0
264,3864,Wilson Ltd,1981.63,transfer,US,declined,2026-05-24 13:22:10.898393,1
265,4895,"Williams, Jordan and Armstrong",4703.17,purchase,US,declined,2026-05-24 13:22:10.898626,1
266,3867,Merritt-Kemp,2817.56,withdrawal,US,declined,2026-05-24 13:22:10.898785,1
267,3465,Lopez and Sons,1506.67,withdrawal,UK,declined,2026-05-24 13:22:10.898874,0
268,1009,Cox-Wilson,3523.91,transfer,US,approved,2026-05-24 13:22:10.899032,0
269,2878,Davis Inc,1987.06,transfer,CA,declined,2026-05-24 13:22:10.899121,0
270,1843,Knight and Sons,848.83,transfer,NG,approved,2026-05-24 13:22:10.899210,0
271,4564,"Jones, Bowers and Harrison",4578.78,transfer,CA,approved,2026-05-24 13:22:10.899441,0
272,4376,Martinez Inc,2913.46,withdrawal,US,approved,2026-05-24 13:22:10.899530,1
273,2483,Rodriguez LLC,569.48,withdrawal,CA,declined,2026-05-24 13:22:10.899618,0
274,2774,"Joseph, Gomez and Vasquez",265.52,transfer,US,declined,2026-05-24 13:22:10.899849,0
275,2898,Atkins-Hart,3399.24,purchase,UK,declined,2026-05-24 13:22:10.900007,0
276,1731,King-Roberts,3422.56,purchase,US,approved,2026-05-24 13:22:10.900214,0
277,4703,Mckay Ltd,4575.14,transfer,NG,approved,2026-05-24 13:22:10.900322,0
278,4660,"Torres, Young and Baker",2193.27,purchase,UK,declined,2026-05-24 13:22:10.900623,0
279,4053,Kelley Ltd,3943.87,withdrawal,NG,declined,2026-05-24 13:22:10.900721,0
280,2978,Jones-Mcfarland,2847.1,transfer,NG,declined,2026-05-24 13:22:10.900884,0
281,1008,"Williams, Russell and Foster",1813.77,transfer,CA,declined,2026-05-24 13:22:10.901121,1
282,2018,Webb LLC,1325.9,transfer,CA,declined,2026-05-24 13:22:10.901213,0
283,1378,Robinson-Suarez,4550.99,transfer,NG,declined,2026-05-24 13:22:10.901380,0
284,2318,Smith-Tate,2381.28,transfer,CA,approved,2026-05-24 13:22:10.901550,0
285,1104,Garner-Stanley,1409.27,withdrawal,UK,approved,2026-05-24 13:22:10.901719,0
286,4393,"Lopez, Jackson and Jackson",4801.09,transfer,US,declined,2026-05-24 13:22:10.901955,1
287,4238,Bridges-Murillo,2872.63,transfer,UK,declined,2026-05-24 13:22:10.902116,1
288,4902,Mccoy Group,1771.8,transfer,NG,approved,2026-05-24 13:22:10.902207,0
289,3608,Rogers-Smith,629.68,withdrawal,US,approved,2026-05-24 13:22:10.902368,1
290,2928,"Silva, Garcia and Meyer",3769.68,withdrawal,US,declined,2026-05-24 13:22:10.902603,0
291,1099,Rodgers LLC,583.11,withdrawal,UK,approved,2026-05-24 13:22:10.902695,0
292,3801,"Jones, Stout and Phillips",1219.9,transfer,CA,approved,2026-05-24 13:22:10.902929,0
293,4928,"Salas, Marsh and James",1159.02,purchase,UK,approved,2026-05-24 13:22:10.903164,1
294,2412,"Garrett, English and Stewart",666.22,withdrawal,CA,approved,2026-05-24 13:22:10.903400,1
295,3862,"Edwards, Romero and Figueroa",3415.01,withdrawal,NG,declined,2026-05-24 13:22:10.903635,0
296,1451,Bell-Smith,4488.38,withdrawal,CA,declined,2026-05-24 13:22:10.903796,1
297,2604,"Bowers, Torres and Hanna",2785.11,transfer,US,declined,2026-05-24 13:22:10.904031,0
298,2648,"James, Robbins and Harrison",2613.78,withdrawal,NG,approved,2026-05-24 13:22:10.904266,0
299,4228,Shields-Jordan,1556.27,purchase,UK,approved,2026-05-24 13:22:10.904427,0
300,3701,Powers Group,4516.99,withdrawal,UK,declined,2026-05-24 13:22:10.904518,0
301,4378,Smith Inc,3146.37,withdrawal,NG,approved,2026-05-24 13:22:10.904607,0
302,1776,Dennis-Foster,2958.78,transfer,CA,approved,2026-05-24 13:22:10.904773,0
303,4776,Mccarthy-Ramos,4762.71,withdrawal,NG,approved,2026-05-24 13:22:10.904935,0
304,3691,Anderson and Sons,835.58,transfer,UK,approved,2026-05-24 13:22:10.905032,1
305,3578,Pearson PLC,648.05,purchase,CA,approved,2026-05-24 13:22:10.905124,0
306,1166,"Murphy, Stephens and Coleman",1060.66,transfer,CA,declined,2026-05-24 13:22:10.905358,0
307,3440,Mercado-Smith,2688.92,purchase,CA,approved,2026-05-24 13:22:10.905520,1
308,2803,Pratt Inc,2136.49,transfer,CA,approved,2026-05-24 13:22:10.905611,0
309,4687,"Hebert, May and Yates",4561.6,withdrawal,UK,approved,2026-05-24 13:22:10.905849,0
310,3334,Frye-Lang,71.23,purchase,CA,declined,2026-05-24 13:22:10.906011,1
311,4830,Smith Group,1625.02,transfer,NG,declined,2026-05-24 13:22:10.906101,0
312,4786,Martin Inc,1995.44,purchase,NG,declined,2026-05-24 13:22:10.906190,0
313,1461,Skinner-Richardson,4487.72,purchase,UK,approved,2026-05-24 13:22:10.906351,0
314,1177,Murray and Sons,3978.13,purchase,UK,declined,2026-05-24 13:22:10.906443,0
315,2168,King-Barry,3108.15,purchase,NG,approved,2026-05-24 13:22:10.906604,0
316,1517,"Edwards, Watts and Pena",1874.69,purchase,US,approved,2026-05-24 13:22:10.906870,0
317,3607,French-Strickland,107.43,transfer,US,declined,2026-05-24 13:22:10.907033,0
318,4462,"Hall, Contreras and Welch",1697.14,transfer,US,approved,2026-05-24 13:22:10.907266,1
319,4379,Phelps Inc,2938.03,withdrawal,UK,declined,2026-05-24 13:22:10.907356,0
320,4094,"Rivera, Parker and Reed",3518.99,withdrawal,US,declined,2026-05-24 13:22:10.907587,0
321,3249,Jones Group,2982.65,transfer,NG,declined,2026-05-24 13:22:10.907678,0
322,4913,Thompson PLC,441.43,withdrawal,US,declined,2026-05-24 13:22:10.907773,1
323,1396,"Gray, Perez and Armstrong",1903.22,withdrawal,NG,approved,2026-05-24 13:22:10.908003,0
324,3713,Strickland and Sons,268.07,transfer,UK,approved,2026-05-24 13:22:10.908098,1
325,3513,Orr Group,3848.73,withdrawal,UK,approved,2026-05-24 13:22:10.908187,1
326,3418,Holmes-Brooks,2695.18,transfer,UK,declined,2026-05-24 13:22:10.908357,0
327,2100,Anderson-Blake,4226.6,withdrawal,US,declined,2026-05-24 13:22:10.908516,0
328,1798,"Martinez, Sparks and Hammond",2510.83,withdrawal,US,approved,2026-05-24 13:22:10.908748,1
329,4538,Guerra LLC,3416.68,purchase,UK,declined,2026-05-24 13:22:10.908836,0
330,1406,Robinson PLC,2153.38,purchase,US,declined,2026-05-24 13:22:10.908954,0
331,4851,Jones Group,1981.26,withdrawal,US,approved,2026-05-24 13:22:10.909056,0
332,2058,Sanders PLC,3754.07,transfer,CA,declined,2026-05-24 13:22:10.909142,0
333,1803,"Williams, Wolf and Hughes",4149.72,withdrawal,NG,declined,2026-05-24 13:22:10.909368,0
334,4917,Snyder-Lamb,1074.28,withdrawal,US,approved,2026-05-24 13:22:10.909557,0
335,4898,"Miles, Cunningham and Jones",1384.3,purchase,US,declined,2026-05-24 13:22:10.909803,1
336,3490,Reyes-Blackburn,4378.96,purchase,CA,approved,2026-05-24 13:22:10.910062,0
337,3222,Jackson-Wells,2875.85,withdrawal,NG,declined,2026-05-24 13:22:10.910355,1
338,1966,Ortiz-Crawford,4708.28,transfer,UK,approved,2026-05-24 13:22:10.910529,1
339,3989,Hall-Rodriguez,4138.91,purchase,CA,approved,2026-05-24 13:22:10.910693,0
340,1084,"Alvarado, Schwartz and Johnson",2607.84,purchase,US,declined,2026-05-24 13:22:10.910931,0
341,2987,"Mccarthy, Oliver and Wheeler",3849.33,purchase,US,declined,2026-05-24 13:22:10.911187,0
342,1516,Hill-Bennett,4570.81,transfer,NG,declined,2026-05-24 13:22:10.911406,0
343,2067,Lester PLC,753.22,purchase,CA,approved,2026-05-24 13:22:10.911516,0
344,1107,Sherman Group,1458.84,purchase,UK,approved,2026-05-24 13:22:10.911631,0
345,4403,"Mcdowell, Mcintyre and Thomas",2695.75,withdrawal,US,declined,2026-05-24 13:22:10.911884,0
346,2017,Shelton-Cherry,2704.21,purchase,UK,approved,2026-05-24 13:22:10.912065,0
347,1175,Oneal and Sons,4196.95,transfer,CA,declined,2026-05-24 13:22:10.912238,0
348,4668,"Jensen, Butler and Smith",1584.05,purchase,CA,declined,2026-05-24 13:22:10.912475,1
349,1324,"Hughes, Rodriguez and Ray",391.18,purchase,US,approved,2026-05-24 13:22:10.912712,0
350,1593,Davenport and Sons,973.09,purchase,UK,approved,2026-05-24 13:22:10.912807,0
351,4108,"Hall, Graham and Reilly",191.06,purchase,NG,approved,2026-05-24 13:22:10.913042,1
352,2565,Gutierrez-Clarke,4281.85,withdrawal,US,declined,2026-05-24 13:22:10.913204,1
353,3718,"Goodman, Long and Garrett",1070.66,transfer,NG,declined,2026-05-24 13:22:10.913438,0
354,2179,"Carpenter, Baldwin and Hinton",1699.8,withdrawal,UK,approved,2026-05-24 13:22:10.913673,0
355,3930,Smith and Sons,2053.47,transfer,US,declined,2026-05-24 13:22:10.913763,1
356,4023,Mcknight LLC,3658.95,purchase,UK,approved,2026-05-24 13:22:10.913852,0
357,3054,"Bryant, Christian and Thomas",476.33,transfer,NG,approved,2026-05-24 13:22:10.914086,0
358,2821,Hernandez-Schroeder,912.41,purchase,UK,approved,2026-05-24 13:22:10.914245,0
359,3115,"Anderson, Forbes and Coleman",4869.73,withdrawal,US,declined,2026-05-24 13:22:10.914477,0
360,1468,Riggs-Gallagher,3514.48,withdrawal,UK,declined,2026-05-24 13:22:10.914639,0
361,1826,Pena-Herman,2816.55,transfer,CA,approved,2026-05-24 13:22:10.914798,0
362,2496,Brown Ltd,2569.44,transfer,UK,declined,2026-05-24 13:22:10.914888,0
363,4368,"Frey, Gillespie and Merritt",1208.95,transfer,UK,declined,2026-05-24 13:22:10.915125,0
364,3103,"Cruz, Myers and Patterson",4414.26,transfer,UK,approved,2026-05-24 13:22:10.915358,0
365,4681,Gilbert-Moore,2867.15,purchase,NG,declined,2026-05-24 13:22:10.915518,0
366,4495,Lee Ltd,4058.09,purchase,US,approved,2026-05-24 13:22:10.915608,1
367,4257,Lee-Mccann,4642.27,transfer,CA,declined,2026-05-24 13:22:10.915766,1
368,4323,"Perez, Delacruz and Rodgers",1978.04,withdrawal,CA,declined,2026-05-24 13:22:10.916032,0
369,1859,Thompson Group,2314.77,transfer,UK,approved,2026-05-24 13:22:10.916122,1
370,3893,Fisher Inc,989.36,purchase,CA,declined,2026-05-24 13:22:10.916211,0
371,2300,Adams PLC,2614.87,transfer,NG,declined,2026-05-24 13:22:10.916301,1
372,2959,Blake-Roberts,2787.34,transfer,US,approved,2026-05-24 13:22:10.916461,0
373,4223,"James, Mason and Schmidt",2198.42,transfer,NG,declined,2026-05-24 13:22:10.916693,0
374,1359,Johnston Group,1178.27,purchase,US,approved,2026-05-24 13:22:10.916783,0
375,1115,"Edwards, Frye and Daniels",2637.05,purchase,CA,declined,2026-05-24 13:22:10.917015,0
376,2922,"Wilson, Rosales and Cole",864.82,transfer,CA,approved,2026-05-24 13:22:10.917251,0
377,2528,"Schroeder, Ruiz and Thomas",1431.36,transfer,NG,declined,2026-05-24 13:22:10.917520,0
378,4855,"Smith, Anderson and Martin",1957.94,transfer,UK,approved,2026-05-24 13:22:10.917754,0
379,2227,"Allen, Maynard and Kennedy",4453.45,purchase,NG,declined,2026-05-24 13:22:10.917988,0
380,3075,Moses-Stanley,4058.46,purchase,CA,declined,2026-05-24 13:22:10.918148,0
381,3977,"Waters, Proctor and Davis",1397.38,withdrawal,US,declined,2026-05-24 13:22:10.918403,0
382,4432,Jackson-Mills,3463.79,withdrawal,NG,approved,2026-05-24 13:22:10.918571,0
383,2802,Moore LLC,3931.43,withdrawal,CA,approved,2026-05-24 13:22:10.918663,0
384,3601,Davis PLC,2079.38,purchase,UK,declined,2026-05-24 13:22:10.918755,1
385,4910,Flores-Meza,534.14,transfer,CA,declined,2026-05-24 13:22:10.918918,0
386,4187,"Bennett, Mathews and Evans",3273.55,withdrawal,UK,declined,2026-05-24 13:22:10.919160,0
387,4944,"Douglas, Williams and Jones",284.35,withdrawal,UK,approved,2026-05-24 13:22:10.919400,1
388,2362,"Jackson, Tucker and Rodriguez",4315.27,transfer,NG,declined,2026-05-24 13:22:10.919639,0
389,4415,Thomas-Pearson,2425.0,withdrawal,NG,approved,2026-05-24 13:22:10.919803,0
390,2923,"Richard, Shepherd and Salas",1679.24,transfer,NG,approved,2026-05-24 13:22:10.920044,1
391,1085,Sloan Inc,4564.22,purchase,NG,declined,2026-05-24 13:22:10.920136,0
392,1172,Jones PLC,70.99,withdrawal,US,declined,2026-05-24 13:22:10.920227,0
393,2762,Anderson-Carter,832.76,transfer,NG,approved,2026-05-24 13:22:10.920391,0
394,1891,Brewer-Sanchez,3637.65,transfer,CA,approved,2026-05-24 13:22:10.920555,0
395,3453,Hoffman-Evans,1936.72,transfer,UK,approved,2026-05-24 13:22:10.920718,0
396,4258,"Williams, Taylor and Barnes",2336.61,withdrawal,CA,approved,2026-05-24 13:22:10.920957,0
397,4801,Castillo Ltd,3262.88,purchase,NG,declined,2026-05-24 13:22:10.921048,0
398,4496,Gross-Hicks,287.88,transfer,NG,approved,2026-05-24 13:22:10.921215,0
399,3341,Cooper-Griffin,273.81,transfer,CA,declined,2026-05-24 13:22:10.921380,0
400,1518,Mitchell-Rodriguez,4068.52,transfer,UK,approved,2026-05-24 13:22:10.921545,0
401,4314,Armstrong LLC,2058.43,purchase,CA,declined,2026-05-24 13:22:10.921638,0
402,4600,David LLC,1563.06,transfer,NG,declined,2026-05-24 13:22:10.921734,1
403,1372,Lopez-Clark,2197.96,withdrawal,UK,declined,2026-05-24 13:22:10.921897,0
404,4245,"Preston, Hurst and Bennett",1045.05,withdrawal,US,declined,2026-05-24 13:22:10.922137,0
405,2493,"Vasquez, Neal and Singleton",2093.95,withdrawal,US,declined,2026-05-24 13:22:10.922378,0
406,2195,Smith LLC,1202.3,transfer,US,declined,2026-05-24 13:22:10.922524,1
407,4185,"Smith, Palmer and Baker",4800.41,purchase,UK,declined,2026-05-24 13:22:10.922773,0
408,4844,Adams PLC,2668.67,transfer,NG,approved,2026-05-24 13:22:10.922869,0
409,3586,Brown-Palmer,1305.77,purchase,UK,declined,2026-05-24 13:22:10.923038,0
410,3212,"Nelson, Davidson and Smith",2236.86,transfer,NG,approved,2026-05-24 13:22:10.923277,0
411,2398,Rodriguez PLC,4292.9,purchase,US,approved,2026-05-24 13:22:10.923369,0
412,4801,"Crawford, Wiley and Davis",4363.81,purchase,CA,declined,2026-05-24 13:22:10.923611,0
413,2399,"Armstrong, Stokes and Carter",2349.67,withdrawal,UK,declined,2026-05-24 13:22:10.923859,0
414,2497,"Ellis, Cook and Meyer",1094.67,transfer,US,declined,2026-05-24 13:22:10.924096,0
415,3356,Robinson PLC,3960.46,purchase,NG,declined,2026-05-24 13:22:10.924188,1
416,4621,Parker-Ortiz,1917.31,transfer,US,approved,2026-05-24 13:22:10.924349,0
417,1164,Mendez Inc,2786.39,withdrawal,US,declined,2026-05-24 13:22:10.924441,0
418,2066,Parker and Sons,2672.39,transfer,NG,declined,2026-05-24 13:22:10.924541,0
419,1414,"Leach, Williams and Garrett",2364.78,transfer,US,declined,2026-05-24 13:22:10.924821,1
420,3326,"Jones, Clark and Lee",802.16,transfer,NG,approved,2026-05-24 13:22:10.925061,0
421,2376,"Murphy, Levy and Carlson",3846.56,transfer,UK,approved,2026-05-24 13:22:10.925304,0
422,2983,"Johnson, Thompson and Harvey",2377.92,purchase,UK,declined,2026-05-24 13:22:10.925542,0
423,3975,Fleming-Avery,1858.04,transfer,UK,approved,2026-05-24 13:22:10.925706,1
424,4469,Hammond PLC,3276.04,withdrawal,CA,declined,2026-05-24 13:22:10.925797,0
425,4219,"Salinas, Holloway and Miller",1680.7,withdrawal,US,approved,2026-05-24 13:22:10.926033,0
426,1517,"Harris, Austin and Chaney",1887.23,purchase,US,declined,2026-05-24 13:22:10.926268,0
427,2521,"Rodriguez, Bailey and Cruz",797.7,purchase,CA,declined,2026-05-24 13:22:10.926504,0
428,1662,Gomez-Compton,1243.44,purchase,CA,declined,2026-05-24 13:22:10.926665,0
429,2785,Navarro PLC,718.03,purchase,US,declined,2026-05-24 13:22:10.926756,0
430,1570,Hughes-Hawkins,4113.77,transfer,NG,declined,2026-05-24 13:22:10.926917,0
431,3470,Evans Inc,4009.71,purchase,CA,approved,2026-05-24 13:22:10.927008,0
432,4528,"Smith, Thompson and Riley",439.51,transfer,NG,declined,2026-05-24 13:22:10.927247,0
433,2142,Carlson-Solomon,4970.39,withdrawal,CA,declined,2026-05-24 13:22:10.927462,0
434,2093,Richardson-Phillips,1011.13,purchase,CA,approved,2026-05-24 13:22:10.927645,1
435,2950,"Wilson, Oliver and Sanchez",877.2,transfer,UK,declined,2026-05-24 13:22:10.927890,1
436,3153,Ponce-Dixon,3668.97,purchase,NG,declined,2026-05-24 13:22:10.928058,0
437,3609,Newman LLC,2168.14,transfer,CA,declined,2026-05-24 13:22:10.928152,0
438,2881,Robinson-Stafford,1088.42,transfer,US,declined,2026-05-24 13:22:10.928318,0
439,4342,"Sanders, Brown and Rodriguez",3729.72,transfer,US,approved,2026-05-24 13:22:10.928558,1
440,4154,"Lowery, Nichols and Johnson",3292.96,withdrawal,CA,approved,2026-05-24 13:22:10.928804,0
441,1962,Hale Group,2062.08,purchase,US,declined,2026-05-24 13:22:10.928907,0
442,3997,Long-Edwards,2046.86,withdrawal,UK,approved,2026-05-24 13:22:10.929072,1
443,3836,Davis-Case,2151.39,transfer,NG,approved,2026-05-24 13:22:10.929237,0
444,1373,Bush-Washington,2738.2,withdrawal,NG,approved,2026-05-24 13:22:10.929403,0
445,1409,Solis and Sons,2737.53,transfer,NG,approved,2026-05-24 13:22:10.929495,0
446,3434,"Long, Collins and Donovan",529.5,purchase,NG,approved,2026-05-24 13:22:10.929734,0
447,2118,"Bowers, Mclean and Smith",1875.61,transfer,UK,approved,2026-05-24 13:22:10.929973,0
448,3090,Martinez and Sons,2200.67,purchase,UK,approved,2026-05-24 13:22:10.930065,0
449,2890,Johnson and Sons,2929.01,withdrawal,CA,declined,2026-05-24 13:22:10.930158,0
450,2148,Johnson-Garrett,3803.91,withdrawal,UK,approved,2026-05-24 13:22:10.930328,1
451,4713,"Pierce, Gray and Wise",629.71,purchase,US,declined,2026-05-24 13:22:10.930567,0
452,2683,Johnson Inc,4744.5,transfer,NG,declined,2026-05-24 13:22:10.930660,1
453,2868,Robinson-Taylor,346.62,transfer,UK,approved,2026-05-24 13:22:10.930824,1
454,1882,Morrison and Sons,2806.45,transfer,US,declined,2026-05-24 13:22:10.930922,0
455,4801,"Johnson, Perez and Williams",840.01,withdrawal,NG,approved,2026-05-24 13:22:10.931177,1
456,3679,Gill-Lopez,3167.35,withdrawal,UK,approved,2026-05-24 13:22:10.931352,1
457,1437,"Lewis, Robertson and Whitaker",1358.16,purchase,NG,approved,2026-05-24 13:22:10.931605,0
458,3945,"Fernandez, Mendez and Crane",1749.73,transfer,CA,approved,2026-05-24 13:22:10.931859,1
459,2067,Little LLC,3383.27,transfer,US,approved,2026-05-24 13:22:10.931958,0
460,3298,"Bell, Fuentes and Williams",704.27,transfer,UK,approved,2026-05-24 13:22:10.932206,0
461,4839,"Wood, Buchanan and Ayers",2112.31,withdrawal,US,declined,2026-05-24 13:22:10.932491,1
462,3152,"Esparza, Ayers and Kelley",1792.48,purchase,UK,approved,2026-05-24 13:22:10.932760,0
463,1651,Poole-Hunt,4829.82,purchase,UK,approved,2026-05-24 13:22:10.932929,0
464,4211,"Bauer, Douglas and Santiago",3928.53,purchase,US,approved,2026-05-24 13:22:10.933169,1
465,3754,"Koch, Morgan and Moore",814.38,transfer,US,declined,2026-05-24 13:22:10.933412,0
466,2246,Powell Inc,1814.89,transfer,US,approved,2026-05-24 13:22:10.933506,0
467,4292,Johnson and Sons,1814.17,transfer,US,declined,2026-05-24 13:22:10.933599,0
468,1193,Giles-Hester,4418.94,purchase,US,declined,2026-05-24 13:22:10.933765,0
469,3620,Hicks-Roth,4575.94,transfer,UK,approved,2026-05-24 13:22:10.933928,0
470,3757,Barnes PLC,2846.77,purchase,US,declined,2026-05-24 13:22:10.934026,0
471,4091,"Campbell, Rice and Ibarra",4732.2,withdrawal,NG,declined,2026-05-24 13:22:10.934263,0
472,1593,Ramos-Rogers,2216.21,purchase,NG,declined,2026-05-24 13:22:10.934426,0
473,1402,Mitchell-Kelly,1471.56,withdrawal,UK,declined,2026-05-24 13:22:10.934589,1
474,2625,"Jones, Hull and Roach",1398.5,transfer,CA,declined,2026-05-24 13:22:10.934826,0
475,1938,Esparza-Walker,2174.89,withdrawal,US,approved,2026-05-24 13:22:10.934989,0
476,3442,Sullivan Inc,2006.3,purchase,CA,approved,2026-05-24 13:22:10.935081,0
477,3191,Hartman-Rodriguez,261.94,transfer,UK,approved,2026-05-24 13:22:10.935241,0
478,3253,"Martinez, Kennedy and Mendoza",1253.34,transfer,US,declined,2026-05-24 13:22:10.935477,1
479,3107,Lawrence-Lane,629.21,purchase,CA,approved,2026-05-24 13:22:10.935640,0
480,4038,Brown PLC,3715.1,transfer,UK,declined,2026-05-24 13:22:10.935735,0
481,1942,Floyd-Elliott,4359.28,purchase,UK,approved,2026-05-24 13:22:10.935897,0
482,1173,"Johnson, Clark and Moore",455.68,transfer,CA,approved,2026-05-24 13:22:10.936133,0
483,3812,Dawson Group,4686.53,transfer,US,declined,2026-05-24 13:22:10.936226,0
484,2229,Liu-Parker,2254.56,transfer,CA,declined,2026-05-24 13:22:10.936388,0
485,4880,Smith LLC,602.75,transfer,US,approved,2026-05-24 13:22:10.936484,0
486,1535,Barnes-Fitzgerald,4927.2,withdrawal,NG,approved,2026-05-24 13:22:10.936646,0
487,3965,Richards-Romero,2865.6,transfer,CA,declined,2026-05-24 13:22:10.936809,1
488,4914,Roberts-Williams,1397.37,purchase,CA,declined,2026-05-24 13:22:10.936972,0
489,4298,"Weber, Franco and Alvarez",1621.84,purchase,CA,declined,2026-05-24 13:22:10.937208,1
490,3719,"Taylor, Walker and Castillo",2922.09,transfer,CA,declined,2026-05-24 13:22:10.937444,1
491,4438,"Meadows, Hoover and Thompson",360.68,withdrawal,NG,declined,2026-05-24 13:22:10.937682,0
492,4003,Elliott Group,1841.84,withdrawal,CA,approved,2026-05-24 13:22:10.937773,0
493,4580,"Smith, Fuller and Collins",3022.32,transfer,NG,approved,2026-05-24 13:22:10.938009,1
494,4313,Richards and Sons,1570.56,withdrawal,US,approved,2026-05-24 13:22:10.938102,1
495,1678,Hughes Group,3100.36,purchase,CA,approved,2026-05-24 13:22:10.938193,0
496,2307,Landry PLC,3053.55,withdrawal,US,approved,2026-05-24 13:22:10.938282,0
497,2202,Graham-Cooley,3043.18,transfer,CA,approved,2026-05-24 13:22:10.938491,0
498,3507,Goodwin-Smith,4233.34,purchase,CA,declined,2026-05-24 13:22:10.938725,0
499,2529,"Wilson, Dennis and Perez",2136.41,purchase,NG,declined,2026-05-24 13:22:10.939007,0
500,2537,Brady PLC,4972.66,withdrawal,NG,declined,2026-05-24 13:22:10.939109,0
501,1361,Alvarez PLC,591.42,transfer,UK,approved,2026-05-24 13:22:10.939200,1
502,4784,"Turner, Lozano and Delgado",4238.21,purchase,US,declined,2026-05-24 13:22:10.939433,1
503,2543,Gardner Inc,4114.83,purchase,NG,approved,2026-05-24 13:22:10.939526,0
504,4500,"Martinez, Lewis and Freeman",556.93,purchase,NG,approved,2026-05-24 13:22:10.939759,0
505,4280,Beck-Johnson,4244.3,transfer,US,declined,2026-05-24 13:22:10.939951,0
506,3436,Gonzalez-Carney,2317.37,transfer,US,declined,2026-05-24 13:22:10.940110,1
507,3001,Edwards PLC,449.4,purchase,US,declined,2026-05-24 13:22:10.940199,0
508,4760,Parks-Molina,4196.13,purchase,UK,declined,2026-05-24 13:22:10.940357,0
509,3638,"King, Branch and Ware",2991.7,withdrawal,US,declined,2026-05-24 13:22:10.940589,0
510,2154,Jackson-Moore,447.9,withdrawal,UK,approved,2026-05-24 13:22:10.940747,0
511,4708,Robertson and Sons,1793.16,transfer,NG,declined,2026-05-24 13:22:10.940838,0
512,3543,"Gray, Hughes and Bailey",2804.05,withdrawal,NG,approved,2026-05-24 13:22:10.941069,0
513,1739,Butler Inc,2860.38,transfer,US,approved,2026-05-24 13:22:10.941193,1
514,4583,Hamilton-Jacobs,3375.2,withdrawal,US,approved,2026-05-24 13:22:10.941351,0
515,4449,Davis-Martinez,4939.01,transfer,CA,declined,2026-05-24 13:22:10.941509,0
516,3935,Hickman Inc,4628.35,transfer,CA,declined,2026-05-24 13:22:10.941597,0
517,4017,Hendricks Group,4357.57,purchase,UK,declined,2026-05-24 13:22:10.941685,1
518,4194,Smith-Smith,320.87,withdrawal,UK,declined,2026-05-24 13:22:10.941842,0
519,1804,Johnson Ltd,4928.27,transfer,CA,declined,2026-05-24 13:22:10.941934,0
520,4244,Harris LLC,353.25,purchase,NG,declined,2026-05-24 13:22:10.942023,1
521,3118,"Miller, Washington and Collins",2590.84,withdrawal,NG,declined,2026-05-24 13:22:10.942279,0
522,3274,Morrison-Santos,3900.47,transfer,UK,approved,2026-05-24 13:22:10.942457,0
523,3040,Williams Inc,4720.8,withdrawal,US,declined,2026-05-24 13:22:10.942547,0
524,4116,Dickerson-Frazier,401.67,withdrawal,US,declined,2026-05-24 13:22:10.942706,0
525,3525,"Henderson, Roberson and Evans",3363.85,transfer,CA,approved,2026-05-24 13:22:10.942971,1
526,2677,Graham-Tyler,3002.5,purchase,UK,declined,2026-05-24 13:22:10.943191,0
527,3540,Buchanan-Cook,2293.85,purchase,UK,approved,2026-05-24 13:22:10.943506,0
528,1686,King Inc,1341.6,withdrawal,UK,declined,2026-05-24 13:22:10.943683,0
529,3795,Jones and Sons,1883.97,transfer,CA,approved,2026-05-24 13:22:10.943778,0
530,4632,Gibson LLC,3470.44,withdrawal,CA,approved,2026-05-24 13:22:10.943868,1
531,2223,Edwards LLC,4503.61,purchase,UK,approved,2026-05-24 13:22:10.943957,0
532,3404,"Crosby, Baker and Reynolds",3621.45,withdrawal,US,approved,2026-05-24 13:22:10.944187,1
533,2869,Anderson-Burke,4099.16,purchase,US,approved,2026-05-24 13:22:10.944345,0
534,4400,"Gates, Martinez and Stewart",366.48,withdrawal,NG,declined,2026-05-24 13:22:10.944644,0
535,1638,Brown-White,3388.2,transfer,UK,approved,2026-05-24 13:22:10.944824,0
536,3557,"Padilla, Lane and Howard",4917.25,purchase,NG,approved,2026-05-24 13:22:10.945063,0
537,3577,Jones Inc,683.21,purchase,NG,approved,2026-05-24 13:22:10.945174,1
538,2400,Smith-Fitzgerald,3354.74,withdrawal,CA,declined,2026-05-24 13:22:10.945362,1
539,4770,Freeman-Williams,343.94,transfer,US,approved,2026-05-24 13:22:10.945521,0
540,1007,Smith-Mcdonald,2195.05,withdrawal,NG,declined,2026-05-24 13:22:10.945733,1
541,1891,"Rogers, Jordan and Williams",1972.71,transfer,NG,approved,2026-05-24 13:22:10.945979,0
542,2043,Webb Ltd,3499.29,purchase,UK,approved,2026-05-24 13:22:10.946070,0
543,4721,"Moreno, Garcia and Hanson",4459.52,transfer,US,approved,2026-05-24 13:22:10.946308,0
544,2130,Powell Group,2301.43,purchase,UK,approved,2026-05-24 13:22:10.946465,0
545,4468,"Thomas, Glass and Gibson",4093.28,withdrawal,NG,approved,2026-05-24 13:22:10.946696,0
546,2944,Schmidt-Wall,4367.96,purchase,NG,approved,2026-05-24 13:22:10.946855,0
547,1883,Johnson-Myers,1289.0,transfer,UK,approved,2026-05-24 13:22:10.947018,0
548,4221,"Vega, Turner and Baker",2985.07,withdrawal,UK,declined,2026-05-24 13:22:10.947250,0
549,4476,"Mills, Stein and Baker",2170.27,transfer,UK,approved,2026-05-24 13:22:10.947482,1
550,4482,Warren-Atkinson,1850.8,withdrawal,US,approved,2026-05-24 13:22:10.947641,0
551,4808,"Barnes, Harmon and Stewart",486.06,purchase,UK,declined,2026-05-24 13:22:10.947872,0
552,2436,Hoffman Ltd,1524.37,transfer,CA,declined,2026-05-24 13:22:10.947962,1
553,2554,Todd-Travis,1238.56,purchase,UK,approved,2026-05-24 13:22:10.948120,1
554,1156,"Andrews, Sullivan and Bradley",442.43,withdrawal,CA,declined,2026-05-24 13:22:10.948374,0
555,4364,Matthews PLC,1964.61,transfer,CA,approved,2026-05-24 13:22:10.948467,0
556,3466,"Walker, Taylor and Wagner",3396.2,withdrawal,US,declined,2026-05-24 13:22:10.948705,1
557,2664,Martin Inc,2888.44,transfer,US,declined,2026-05-24 13:22:10.948800,0
558,1531,Smith Ltd,367.99,transfer,NG,approved,2026-05-24 13:22:10.948894,1
559,2095,Anderson-Shepherd,2963.74,withdrawal,UK,approved,2026-05-24 13:22:10.949056,1
560,2153,Olson PLC,2728.84,purchase,US,declined,2026-05-24 13:22:10.949149,0
561,3677,"Bradley, Coleman and Wilson",558.94,purchase,US,approved,2026-05-24 13:22:10.949391,1
562,1321,Marks-Daniel,1605.11,withdrawal,CA,approved,2026-05-24 13:22:10.949559,1
563,3245,Evans PLC,2281.29,purchase,CA,declined,2026-05-24 13:22:10.949651,0
564,2356,Ferrell Group,3664.46,withdrawal,UK,declined,2026-05-24 13:22:10.949742,0
565,1770,Lopez PLC,2982.58,transfer,US,declined,2026-05-24 13:22:10.949833,0
566,1924,Coleman Ltd,625.97,purchase,US,approved,2026-05-24 13:22:10.949924,0
567,2259,"Davis, Cooper and Chavez",2854.44,purchase,UK,approved,2026-05-24 13:22:10.950159,1
568,1688,Young-Bishop,3256.16,transfer,NG,declined,2026-05-24 13:22:10.950322,0
569,3403,Wilson-Townsend,4033.47,transfer,CA,approved,2026-05-24 13:22:10.950485,0
570,4713,Peterson-Burke,2934.3,purchase,CA,approved,2026-05-24 13:22:10.950647,1
571,1071,Williams-Hughes,2119.47,transfer,NG,declined,2026-05-24 13:22:10.950809,0
572,3265,Jones-Garcia,1336.93,withdrawal,US,approved,2026-05-24 13:22:10.950976,0
573,4942,Garcia Inc,620.42,purchase,NG,declined,2026-05-24 13:22:10.951066,1
574,2751,Jones-Burns,3287.82,purchase,UK,declined,2026-05-24 13:22:10.951229,0
575,3943,"Butler, Chase and Smith",3636.38,transfer,CA,approved,2026-05-24 13:22:10.951465,0
576,1908,"Hahn, Arroyo and Nichols",2102.74,purchase,NG,approved,2026-05-24 13:22:10.951702,0
577,2539,Hodge-Zamora,2458.0,purchase,CA,approved,2026-05-24 13:22:10.951868,1
578,3374,Harvey Ltd,3205.32,purchase,US,declined,2026-05-24 13:22:10.951959,1
579,2819,Foster-Frank,1773.47,transfer,CA,approved,2026-05-24 13:22:10.952123,0
580,3885,Buckley PLC,1737.7,transfer,US,declined,2026-05-24 13:22:10.952215,0
581,1847,Walker-Brown,2642.85,transfer,NG,approved,2026-05-24 13:22:10.952379,1
582,2770,Collins-Evans,2259.67,withdrawal,NG,declined,2026-05-24 13:22:10.952543,0
583,3504,"Ward, Santiago and Kirk",930.37,purchase,CA,declined,2026-05-24 13:22:10.952781,1
584,1274,Moore and Sons,4431.1,withdrawal,UK,declined,2026-05-24 13:22:10.952872,0
585,1887,Smith Ltd,3587.0,withdrawal,NG,declined,2026-05-24 13:22:10.952963,0
586,2622,Davidson-Coffey,781.04,transfer,CA,approved,2026-05-24 13:22:10.953125,1
587,1542,Ray-Rodriguez,2789.68,purchase,NG,approved,2026-05-24 13:22:10.953291,0
588,2725,Hughes PLC,3909.07,withdrawal,US,approved,2026-05-24 13:22:10.953383,0
589,2898,Thomas Ltd,1397.55,withdrawal,NG,declined,2026-05-24 13:22:10.953473,0
590,3879,"Bowman, Wright and Drake",1758.88,purchase,UK,declined,2026-05-24 13:22:10.953710,1
591,2371,Collins-Perez,513.06,transfer,UK,declined,2026-05-24 13:22:10.953877,0
592,4227,May Inc,3757.52,transfer,NG,approved,2026-05-24 13:22:10.953968,0
593,2929,Gomez and Sons,866.72,transfer,NG,declined,2026-05-24 13:22:10.954059,0
594,1006,Byrd Ltd,208.11,purchase,UK,declined,2026-05-24 13:22:10.954150,0
595,4883,Miller-Swanson,1998.89,transfer,US,declined,2026-05-24 13:22:10.954311,1
596,2266,Anthony Inc,3015.18,purchase,US,declined,2026-05-24 13:22:10.954402,1
597,4482,"Marquez, Rodriguez and Carter",175.16,transfer,US,approved,2026-05-24 13:22:10.954692,0
598,4596,"Jackson, Cox and Stephens",2115.84,withdrawal,UK,declined,2026-05-24 13:22:10.954942,0
599,4024,"Brandt, Smith and Hawkins",1029.34,purchase,US,approved,2026-05-24 13:22:10.955180,0
600,4398,"Hodges, Lawrence and Mata",3877.66,transfer,UK,declined,2026-05-24 13:22:10.955415,0
601,4561,Parker and Sons,270.69,withdrawal,US,approved,2026-05-24 13:22:10.955506,1
602,4315,Randall-Li,657.15,withdrawal,NG,declined,2026-05-24 13:22:10.955666,1
603,2819,"Ramirez, Mejia and Friedman",3303.76,transfer,CA,declined,2026-05-24 13:22:10.955900,0
604,2098,White Inc,574.05,withdrawal,NG,declined,2026-05-24 13:22:10.955991,1
605,2409,"Baldwin, Boyle and Humphrey",3787.64,withdrawal,CA,declined,2026-05-24 13:22:10.956223,0
606,1192,Parsons-Harris,213.22,purchase,US,approved,2026-05-24 13:22:10.956383,0
607,3805,Gomez-Smith,3021.96,withdrawal,US,declined,2026-05-24 13:22:10.956543,0
608,3971,Gardner-Pope,2383.25,withdrawal,NG,approved,2026-05-24 13:22:10.956703,0
609,3408,Conway-Jones,1428.9,withdrawal,US,declined,2026-05-24 13:22:10.956862,0
610,4508,"Wright, Lucas and Johnson",13.84,purchase,US,declined,2026-05-24 13:22:10.957094,0
611,1916,"Hunt, Cunningham and Mccall",2761.88,purchase,CA,declined,2026-05-24 13:22:10.957327,1
612,4868,Decker Group,941.0,purchase,NG,approved,2026-05-24 13:22:10.957416,1
613,1819,Lyons-Brown,1852.99,withdrawal,NG,declined,2026-05-24 13:22:10.957574,0
614,4733,Velasquez LLC,2807.57,transfer,US,declined,2026-05-24 13:22:10.957664,0
615,4480,"Wolf, Taylor and Wilson",1838.18,purchase,UK,approved,2026-05-24 13:22:10.957971,0
616,1182,Castro-Lee,3875.16,withdrawal,UK,approved,2026-05-24 13:22:10.958148,0
617,3666,Wright Group,4304.95,withdrawal,NG,approved,2026-05-24 13:22:10.958239,0
618,1727,"Hicks, Duncan and Petty",2537.22,transfer,NG,approved,2026-05-24 13:22:10.958473,0
619,4356,"White, Fowler and Lynch",3661.78,purchase,CA,declined,2026-05-24 13:22:10.958706,0
620,3872,"Rodriguez, Snyder and Flores",2001.67,transfer,NG,declined,2026-05-24 13:22:10.958940,0
621,4582,Collins-Scott,3784.39,withdrawal,NG,approved,2026-05-24 13:22:10.959100,0
622,2340,"Cook, Fuller and Hawkins",1912.74,purchase,UK,approved,2026-05-24 13:22:10.959332,0
623,2268,Reynolds-Alexander,300.91,transfer,US,approved,2026-05-24 13:22:10.959491,0
624,4642,Leonard-King,2237.67,transfer,NG,declined,2026-05-24 13:22:10.959654,0
625,2313,"Lawson, Hill and Arroyo",2060.31,transfer,UK,approved,2026-05-24 13:22:10.959977,1
626,2188,Marquez-Wolfe,4713.5,purchase,NG,approved,2026-05-24 13:22:10.960159,0
627,1929,Cardenas-Little,1405.56,transfer,NG,approved,2026-05-24 13:22:10.960329,0
628,4584,Mendez-Johnson,1870.53,transfer,US,declined,2026-05-24 13:22:10.960494,1
629,1051,"Horne, Chapman and Turner",3561.63,purchase,CA,approved,2026-05-24 13:22:10.960734,1
630,1282,Mcgrath Inc,4774.42,purchase,NG,declined,2026-05-24 13:22:10.960828,1
631,3722,Bond PLC,1224.27,purchase,NG,declined,2026-05-24 13:22:10.960919,1
632,3966,Brooks-Rollins,1815.64,withdrawal,NG,declined,2026-05-24 13:22:10.961081,0
633,1008,Perez Group,4918.58,withdrawal,UK,declined,2026-05-24 13:22:10.961173,0
634,4674,Johnson PLC,2805.1,withdrawal,NG,approved,2026-05-24 13:22:10.961264,0
635,2677,Mccall-Mathis,2637.79,purchase,NG,approved,2026-05-24 13:22:10.961426,1
636,1970,Mann-Scott,2739.13,transfer,CA,declined,2026-05-24 13:22:10.961597,1
637,3944,"Pena, Malone and Lee",884.22,withdrawal,CA,declined,2026-05-24 13:22:10.961840,0
638,4484,Mcdaniel-Middleton,3228.24,transfer,US,declined,2026-05-24 13:22:10.962005,0
639,2746,Walsh and Sons,2870.65,purchase,US,declined,2026-05-24 13:22:10.962097,0
640,4320,"Charles, Taylor and Rodriguez",3767.0,transfer,CA,approved,2026-05-24 13:22:10.962337,0
641,1463,Silva Inc,4164.34,withdrawal,NG,declined,2026-05-24 13:22:10.962430,0
642,1663,Maxwell-Navarro,2718.65,withdrawal,NG,declined,2026-05-24 13:22:10.962594,0
643,2597,"Schultz, Hudson and Brooks",4299.96,withdrawal,US,declined,2026-05-24 13:22:10.962832,1
644,4881,Scott-Robinson,4359.1,withdrawal,US,approved,2026-05-24 13:22:10.962994,0
645,3020,"Davis, Perry and Joseph",4089.28,purchase,UK,declined,2026-05-24 13:22:10.963233,0
646,1843,"Taylor, Walker and Johnson",1658.8,transfer,CA,declined,2026-05-24 13:22:10.963472,0
647,2522,"Grant, Singh and Martinez",132.06,purchase,NG,approved,2026-05-24 13:22:10.963709,0
648,2290,Zimmerman-Franklin,455.82,withdrawal,CA,approved,2026-05-24 13:22:10.963872,0
649,1711,"Hall, Edwards and Rivera",4233.06,transfer,US,approved,2026-05-24 13:22:10.964110,1
650,4473,Bryan-Sanchez,872.73,purchase,NG,approved,2026-05-24 13:22:10.964272,0
651,1005,Green-Gonzalez,4353.31,purchase,US,declined,2026-05-24 13:22:10.964461,1
652,3751,Barnes-Parker,2875.85,withdrawal,CA,approved,2026-05-24 13:22:10.964664,0
653,4707,Bridges-Christian,1562.16,purchase,UK,approved,2026-05-24 13:22:10.964832,1
654,1326,"Armstrong, Camacho and Braun",811.38,purchase,NG,declined,2026-05-24 13:22:10.965071,1
655,4721,Walker Inc,3725.98,purchase,CA,approved,2026-05-24 13:22:10.965167,0
656,3462,Contreras Group,744.08,withdrawal,US,declined,2026-05-24 13:22:10.965259,0
657,2658,"Roberts, Rodriguez and Wilkerson",1235.3,transfer,CA,approved,2026-05-24 13:22:10.965495,1
658,1192,"Ramos, Davis and Atkins",4051.42,transfer,US,approved,2026-05-24 13:22:10.965730,0
659,4564,Jordan-Howell,183.78,purchase,UK,declined,2026-05-24 13:22:10.965892,0
660,2523,Gonzalez Inc,4930.87,withdrawal,CA,approved,2026-05-24 13:22:10.965984,0
661,3404,Rogers Group,205.05,purchase,US,declined,2026-05-24 13:22:10.966073,0
662,2326,Freeman-Morgan,2337.19,withdrawal,NG,declined,2026-05-24 13:22:10.966233,0
663,3640,Ramirez LLC,2342.54,withdrawal,UK,declined,2026-05-24 13:22:10.966324,0
664,2069,Nunez-Lee,2333.91,withdrawal,NG,approved,2026-05-24 13:22:10.966484,0
665,1097,Juarez Ltd,2920.94,withdrawal,CA,approved,2026-05-24 13:22:10.966574,0
666,2765,Strickland PLC,537.85,purchase,US,approved,2026-05-24 13:22:10.966663,0
667,1378,Patel-Joseph,3690.44,withdrawal,US,declined,2026-05-24 13:22:10.966833,0
668,1246,"Silva, Johnson and Morrison",1014.22,transfer,CA,declined,2026-05-24 13:22:10.967068,0
669,1832,"Farmer, Manning and Rodriguez",3750.16,transfer,UK,declined,2026-05-24 13:22:10.967302,0
670,1998,"Jones, Moss and Brown",871.75,withdrawal,CA,declined,2026-05-24 13:22:10.967536,1
671,4755,Mendez-Pennington,2181.94,transfer,CA,approved,2026-05-24 13:22:10.967698,0
672,4944,Rodriguez-Gill,2826.83,transfer,NG,approved,2026-05-24 13:22:10.967858,0
673,3917,"Krause, White and Brown",4097.17,purchase,NG,declined,2026-05-24 13:22:10.968091,0
674,4928,"Nelson, Glenn and Hodge",4445.35,transfer,CA,declined,2026-05-24 13:22:10.968325,0
675,4056,Osborn LLC,1020.3,purchase,US,declined,2026-05-24 13:22:10.968419,0
676,1970,Nguyen Group,1111.52,purchase,NG,approved,2026-05-24 13:22:10.968508,1
677,1388,"Mcdonald, Bonilla and Jones",2420.93,withdrawal,US,approved,2026-05-24 13:22:10.968741,0
678,2864,Griffith-Martin,4655.06,purchase,CA,declined,2026-05-24 13:22:10.968902,1
679,1035,Li-Vargas,2822.32,purchase,UK,declined,2026-05-24 13:22:10.969065,0
680,2500,Le-Harper,4508.38,purchase,UK,approved,2026-05-24 13:22:10.969225,0
681,4159,"Turner, Oconnor and Paul",2889.99,transfer,NG,approved,2026-05-24 13:22:10.969459,0
682,2516,Moore-Garcia,4709.61,withdrawal,CA,approved,2026-05-24 13:22:10.969618,0
683,3194,Hernandez LLC,2534.08,transfer,US,approved,2026-05-24 13:22:10.969709,0
684,2670,Estes Inc,2224.98,transfer,US,declined,2026-05-24 13:22:10.969798,0
685,1425,"Logan, Cohen and Long",2005.15,withdrawal,NG,approved,2026-05-24 13:22:10.970032,0
686,2690,Bowman-Barajas,1121.05,transfer,UK,approved,2026-05-24 13:22:10.970192,0
687,4531,Johnson and Sons,3922.83,transfer,NG,declined,2026-05-24 13:22:10.970289,0
688,1610,Figueroa and Sons,3394.22,transfer,CA,declined,2026-05-24 13:22:10.970379,0
689,2454,Webb and Sons,4407.79,purchase,UK,declined,2026-05-24 13:22:10.970469,1
690,3454,"Stevenson, Brown and Smith",2180.43,withdrawal,US,declined,2026-05-24 13:22:10.970757,0
691,3649,"Stewart, Harris and Best",79.6,transfer,NG,approved,2026-05-24 13:22:10.971016,0
692,2380,"Johnson, Roach and Allen",3625.43,withdrawal,US,approved,2026-05-24 13:22:10.971262,0
693,2809,"Lane, Daniels and Jordan",2983.14,purchase,US,approved,2026-05-24 13:22:10.971505,0
694,2559,Gutierrez Inc,476.73,withdrawal,NG,declined,2026-05-24 13:22:10.971606,1
695,3656,Frey LLC,416.51,withdrawal,UK,approved,2026-05-24 13:22:10.971700,0
696,3336,Kelly-Ellis,351.9,transfer,CA,approved,2026-05-24 13:22:10.971869,0
697,2414,Barr-Davidson,4433.35,withdrawal,NG,declined,2026-05-24 13:22:10.972036,0
698,4199,Herrera-Elliott,127.61,transfer,CA,approved,2026-05-24 13:22:10.972201,0
699,2337,"Johnson, Frye and Collier",1529.63,transfer,NG,approved,2026-05-24 13:22:10.972443,1
700,2525,Jenkins Ltd,4811.07,withdrawal,NG,approved,2026-05-24 13:22:10.972535,0
701,3001,Berry-Sanchez,4079.39,purchase,NG,declined,2026-05-24 13:22:10.972700,0
702,3363,Baird Ltd,2422.39,transfer,CA,declined,2026-05-24 13:22:10.972793,0
703,3900,"Richardson, Simpson and Reilly",1639.83,purchase,NG,approved,2026-05-24 13:22:10.973033,0
704,3935,"Hernandez, Webb and West",327.14,transfer,CA,declined,2026-05-24 13:22:10.973273,0
705,3359,"Warner, Peters and Green",2642.01,withdrawal,NG,declined,2026-05-24 13:22:10.973513,1
706,4781,Moss Inc,4191.62,purchase,CA,declined,2026-05-24 13:22:10.973606,1
707,1180,"Price, Higgins and Mccann",3952.52,withdrawal,UK,approved,2026-05-24 13:22:10.973845,0
708,3130,Anderson PLC,3451.25,purchase,UK,approved,2026-05-24 13:22:10.973942,0
709,2298,Manning Ltd,241.02,withdrawal,NG,approved,2026-05-24 13:22:10.974039,0
710,4489,"Snow, Day and Mueller",3730.33,purchase,UK,approved,2026-05-24 13:22:10.974281,0
711,2152,"Robinson, Ferguson and Summers",463.72,transfer,NG,approved,2026-05-24 13:22:10.974522,0
712,2780,"Coleman, Smith and Blake",75.31,transfer,NG,approved,2026-05-24 13:22:10.974767,0
713,3123,Young-Young,3476.04,withdrawal,UK,declined,2026-05-24 13:22:10.974932,0
714,3563,Higgins Group,579.65,purchase,CA,declined,2026-05-24 13:22:10.975041,1
715,3143,Johnson and Sons,4225.47,transfer,NG,approved,2026-05-24 13:22:10.975133,0
716,1691,"Martinez, Erickson and Schultz",514.93,transfer,CA,approved,2026-05-24 13:22:10.975375,0
717,3311,"Green, Alvarez and Archer",2274.58,purchase,US,approved,2026-05-24 13:22:10.975696,0
718,1384,"Morrison, English and Jackson",1248.15,withdrawal,NG,approved,2026-05-24 13:22:10.975955,0
719,4527,"Le, Shaw and Walter",3935.94,withdrawal,CA,declined,2026-05-24 13:22:10.976193,1
720,2092,Navarro-Avila,3077.23,transfer,CA,approved,2026-05-24 13:22:10.976407,0
721,2356,King and Sons,180.96,purchase,UK,declined,2026-05-24 13:22:10.976530,0
722,1052,"Gomez, Manning and Brown",1180.74,transfer,NG,approved,2026-05-24 13:22:10.976865,0
723,3590,Howard LLC,1330.5,transfer,CA,declined,2026-05-24 13:22:10.976972,0
724,1932,Hawkins PLC,507.31,purchase,US,approved,2026-05-24 13:22:10.977067,0
725,4503,"Ortiz, Morrow and Howard",1795.6,withdrawal,US,declined,2026-05-24 13:22:10.977305,0
726,2580,Daniel-Benson,3433.76,withdrawal,NG,approved,2026-05-24 13:22:10.977466,1
727,3478,Rice-Hall,1965.94,withdrawal,NG,declined,2026-05-24 13:22:10.977627,1
728,4021,"Conway, Davis and Keller",1918.59,transfer,UK,declined,2026-05-24 13:22:10.977863,0
729,4499,"Martin, Hall and Reyes",2481.0,purchase,CA,approved,2026-05-24 13:22:10.978101,0
730,3360,Gordon-Nunez,1111.95,transfer,UK,approved,2026-05-24 13:22:10.978263,0
731,1176,Stark PLC,263.3,transfer,CA,declined,2026-05-24 13:22:10.978354,0
732,2980,Clements and Sons,2614.32,withdrawal,NG,approved,2026-05-24 13:22:10.978443,0
733,4027,"Espinoza, Moore and Johnson",3687.94,transfer,NG,approved,2026-05-24 13:22:10.978681,1
734,3560,Howell LLC,262.63,transfer,NG,approved,2026-05-24 13:22:10.978772,1
735,4374,"Bryant, Carter and Walters",3354.75,purchase,UK,approved,2026-05-24 13:22:10.979005,1
736,1921,Martinez and Sons,4203.09,withdrawal,CA,approved,2026-05-24 13:22:10.979095,0
737,1453,"Campbell, Lin and Beck",1379.56,transfer,UK,declined,2026-05-24 13:22:10.979328,0
738,4737,Holder-Hartman,2665.06,withdrawal,US,declined,2026-05-24 13:22:10.979488,0
739,4786,Patel Group,1750.01,withdrawal,CA,declined,2026-05-24 13:22:10.979579,0
740,1832,Sparks LLC,1841.55,transfer,US,approved,2026-05-24 13:22:10.979668,0
741,3217,Mccoy PLC,1783.88,transfer,UK,declined,2026-05-24 13:22:10.979756,0
742,3753,Davis and Sons,1634.34,transfer,UK,declined,2026-05-24 13:22:10.979845,0
743,1010,Parsons Ltd,98.09,transfer,CA,declined,2026-05-24 13:22:10.979937,0
744,1390,Rosales-Hammond,4038.65,withdrawal,UK,approved,2026-05-24 13:22:10.980098,1
745,4271,"Prince, Nichols and Reyes",1928.64,transfer,US,approved,2026-05-24 13:22:10.980332,0
746,4841,Martinez-Gonzalez,2038.77,transfer,UK,declined,2026-05-24 13:22:10.980493,0
747,1993,"Peterson, Beard and Jones",1077.91,withdrawal,NG,approved,2026-05-24 13:22:10.980727,0
748,3320,"Lopez, Harris and Dennis",784.17,purchase,CA,declined,2026-05-24 13:22:10.980960,1
749,3387,Green-Mcbride,3968.32,purchase,CA,approved,2026-05-24 13:22:10.981120,0
750,2797,Mendoza and Sons,3881.34,withdrawal,UK,declined,2026-05-24 13:22:10.981216,0
751,4642,"Gordon, Cannon and Morrow",3721.35,withdrawal,US,approved,2026-05-24 13:22:10.981453,0
752,1007,"Woodard, Cole and Smith",884.68,withdrawal,US,approved,2026-05-24 13:22:10.981688,0
753,1307,Romero and Sons,577.06,withdrawal,UK,approved,2026-05-24 13:22:10.981783,1
754,3048,"Phillips, Collins and Graham",2543.47,withdrawal,NG,declined,2026-05-24 13:22:10.982015,0
755,3410,Patel Inc,2241.68,purchase,US,approved,2026-05-24 13:22:10.982105,0
756,4850,James-Molina,1722.7,transfer,CA,approved,2026-05-24 13:22:10.982264,0
757,2906,"Miller, Miller and Conner",2759.16,withdrawal,UK,approved,2026-05-24 13:22:10.982497,0
758,1902,Torres-Williams,3580.58,withdrawal,CA,declined,2026-05-24 13:22:10.982658,0
759,2008,Pruitt Ltd,1524.45,purchase,NG,approved,2026-05-24 13:22:10.982748,0
760,4691,"Guerra, Campbell and Leonard",4446.84,withdrawal,US,declined,2026-05-24 13:22:10.982983,0
761,1829,Martinez Group,1853.24,withdrawal,UK,approved,2026-05-24 13:22:10.983073,0
762,3759,Williams-Merritt,2588.14,withdrawal,CA,approved,2026-05-24 13:22:10.983233,0
763,3060,Jenkins Ltd,4012.97,purchase,UK,declined,2026-05-24 13:22:10.983323,0
764,2640,"Williams, Moore and Young",2555.63,purchase,US,declined,2026-05-24 13:22:10.983556,0
765,4272,Costa Group,2942.31,withdrawal,UK,approved,2026-05-24 13:22:10.983648,1
766,4962,Smith and Sons,395.94,purchase,UK,declined,2026-05-24 13:22:10.983737,0
767,1897,Lane-Brown,3964.12,purchase,NG,declined,2026-05-24 13:22:10.983896,1
768,3685,"Walker, Gomez and Fernandez",4445.03,withdrawal,UK,approved,2026-05-24 13:22:10.984130,0
769,1384,"Sutton, Cross and Vaughn",3736.18,withdrawal,US,approved,2026-05-24 13:22:10.984363,0
770,4195,"Hodge, Waters and Espinoza",3180.21,withdrawal,CA,approved,2026-05-24 13:22:10.984596,1
771,2949,Mcgrath-Henderson,944.17,transfer,NG,declined,2026-05-24 13:22:10.984757,0
772,1339,Turner-Young,2616.45,withdrawal,NG,declined,2026-05-24 13:22:10.984920,1
773,2454,Reeves-Bishop,4131.86,withdrawal,UK,declined,2026-05-24 13:22:10.985080,0
774,1461,Baker-Knight,28.66,purchase,NG,approved,2026-05-24 13:22:10.985239,1
775,2282,Hughes-Lopez,2482.4,purchase,US,declined,2026-05-24 13:22:10.985399,0
776,3810,Martin-Green,2127.54,transfer,NG,approved,2026-05-24 13:22:10.985609,0
777,4298,Hood-Wright,4048.0,purchase,CA,declined,2026-05-24 13:22:10.985789,0
778,2358,"Wolf, Herrera and Olsen",818.95,purchase,CA,declined,2026-05-24 13:22:10.986032,0
779,3071,"Fleming, Dunn and Eaton",2002.75,withdrawal,US,approved,2026-05-24 13:22:10.986273,0
780,4397,"Forbes, Vega and Hatfield",3551.71,withdrawal,NG,declined,2026-05-24 13:22:10.986520,0
781,2596,Baker-Foster,2625.81,purchase,UK,approved,2026-05-24 13:22:10.986684,1
782,2698,Bailey LLC,4046.85,purchase,CA,declined,2026-05-24 13:22:10.986781,1
783,4175,Ellis PLC,1778.37,transfer,UK,approved,2026-05-24 13:22:10.986873,1
784,1159,Norris Group,2902.75,transfer,CA,approved,2026-05-24 13:22:10.986965,0
785,1410,Welch LLC,785.52,purchase,CA,approved,2026-05-24 13:22:10.987055,0
786,4873,Patrick-Goodman,3865.91,transfer,US,approved,2026-05-24 13:22:10.987217,1
787,3969,Harper Ltd,2762.23,purchase,CA,declined,2026-05-24 13:22:10.987309,0
788,3427,Wilkins-Maynard,1356.67,withdrawal,NG,declined,2026-05-24 13:22:10.987470,0
789,1685,"Ryan, Fernandez and Martinez",2002.22,transfer,NG,declined,2026-05-24 13:22:10.987707,0
790,2752,"Wade, Brown and Jenkins",36.79,transfer,UK,approved,2026-05-24 13:22:10.987944,0
791,3667,"Butler, Matthews and Underwood",682.33,transfer,CA,approved,2026-05-24 13:22:10.988180,1
792,2671,Davis Group,1094.75,purchase,NG,declined,2026-05-24 13:22:10.988289,1
793,3007,"White, Koch and Ross",3155.6,withdrawal,NG,approved,2026-05-24 13:22:10.988520,0
794,4639,Morgan and Sons,868.49,withdrawal,CA,approved,2026-05-24 13:22:10.988614,0
795,3540,"Long, Rose and Santana",1004.64,withdrawal,CA,approved,2026-05-24 13:22:10.988844,0
796,2239,Robles-Spears,3050.16,purchase,CA,declined,2026-05-24 13:22:10.989002,1
797,1594,Barnes and Sons,3901.43,purchase,NG,declined,2026-05-24 13:22:10.989091,0
798,3491,"White, Humphrey and Jones",4614.64,withdrawal,US,approved,2026-05-24 13:22:10.989348,0
799,3991,Davis Group,2255.71,transfer,NG,declined,2026-05-24 13:22:10.989463,0
800,1789,Johnson-Horton,365.7,withdrawal,US,approved,2026-05-24 13:22:10.989621,0
801,1281,"Stephens, Petersen and Santos",304.97,purchase,NG,declined,2026-05-24 13:22:10.989851,0
802,1435,Wright-Higgins,3486.73,purchase,NG,declined,2026-05-24 13:22:10.990008,0
803,2777,Orr and Sons,3876.62,withdrawal,NG,declined,2026-05-24 13:22:10.990097,0
804,4432,Paul-Lopez,774.58,purchase,CA,approved,2026-05-24 13:22:10.990254,0
805,4167,Ramos-Cardenas,127.8,withdrawal,CA,approved,2026-05-24 13:22:10.990411,0
806,3766,"Davis, Lyons and Burns",48.03,transfer,CA,declined,2026-05-24 13:22:10.990644,0
807,4154,"Brown, Bauer and Walker",1537.75,withdrawal,UK,declined,2026-05-24 13:22:10.990875,0
808,4032,"Wiggins, Lee and Carr",2336.26,withdrawal,US,declined,2026-05-24 13:22:10.991105,0
809,1070,"Davis, Martinez and Strong",3991.07,purchase,NG,declined,2026-05-24 13:22:10.991574,0
810,2306,Bullock Group,1501.08,transfer,NG,approved,2026-05-24 13:22:10.991677,0
811,4340,"Haney, Summers and Williams",3722.85,transfer,CA,approved,2026-05-24 13:22:10.991921,1
812,4359,Cook-Gordon,418.25,transfer,NG,approved,2026-05-24 13:22:10.992080,0
813,2888,Garcia-Cruz,1455.7,withdrawal,UK,declined,2026-05-24 13:22:10.992241,0
814,3010,"Walsh, Clayton and Bradshaw",2000.4,transfer,CA,approved,2026-05-24 13:22:10.992469,0
815,4130,"Travis, Adams and Rios",4587.07,transfer,CA,declined,2026-05-24 13:22:10.992697,1
816,3902,Bailey PLC,1738.49,withdrawal,CA,approved,2026-05-24 13:22:10.992785,0
817,1808,"Martin, Nguyen and Ellis",337.54,purchase,US,approved,2026-05-24 13:22:10.993011,0
818,1863,"Parker, Hall and Mendoza",3718.88,transfer,UK,approved,2026-05-24 13:22:10.993306,1
819,4631,"Hammond, Carroll and Rangel",4901.19,transfer,NG,approved,2026-05-24 13:22:10.993568,0
820,4718,Cole Group,814.51,transfer,US,declined,2026-05-24 13:22:10.993657,0
821,2007,"Blankenship, Alexander and Martinez",3256.47,withdrawal,US,approved,2026-05-24 13:22:10.993884,0
822,3971,Watson and Sons,4414.55,withdrawal,CA,approved,2026-05-24 13:22:10.993973,1
823,4069,"Hall, Farley and Hernandez",4141.42,transfer,CA,declined,2026-05-24 13:22:10.994199,1
824,1040,"Adams, Hernandez and Hernandez",1850.13,withdrawal,UK,approved,2026-05-24 13:22:10.994461,0
825,3767,"Hunter, Jenkins and Clark",2666.07,withdrawal,US,declined,2026-05-24 13:22:10.994688,0
826,3268,"Ortiz, Kane and George",4660.79,transfer,CA,declined,2026-05-24 13:22:10.994934,0
827,4011,Johnson-Hall,2369.33,transfer,US,approved,2026-05-24 13:22:10.995106,0
828,2632,"Mccullough, Burns and Rojas",461.89,purchase,US,declined,2026-05-24 13:22:10.995333,0
829,2173,Anderson Inc,843.99,withdrawal,UK,declined,2026-05-24 13:22:10.995441,0
830,2314,Wilcox LLC,4579.14,transfer,CA,approved,2026-05-24 13:22:10.995577,0
831,4855,Harvey-Martinez,4909.03,purchase,CA,approved,2026-05-24 13:22:10.995742,0
832,1725,Morris-Hull,4198.11,purchase,CA,declined,2026-05-24 13:22:10.995899,0
833,1659,Vega PLC,610.66,purchase,UK,approved,2026-05-24 13:22:10.995986,0
834,1349,"Shepard, Garcia and Wright",3739.18,purchase,CA,approved,2026-05-24 13:22:10.996213,0
835,3839,Kaufman Ltd,24.82,transfer,NG,declined,2026-05-24 13:22:10.996300,0
836,3467,Ponce-Price,3372.52,purchase,US,declined,2026-05-24 13:22:10.996458,0
837,2053,"Gomez, Guerrero and Robertson",4856.61,purchase,CA,approved,2026-05-24 13:22:10.996686,0
838,3103,"Harrell, Rogers and Lawson",1654.68,transfer,NG,declined,2026-05-24 13:22:10.996914,0
839,4579,Ramos LLC,2958.59,withdrawal,UK,approved,2026-05-24 13:22:10.997002,0
840,3509,Frederick-Swanson,4853.62,transfer,UK,declined,2026-05-24 13:22:10.997156,0
841,1745,"Smith, Carey and Wilcox",1005.35,purchase,NG,approved,2026-05-24 13:22:10.997489,0
842,1567,"Mccarthy, Cooper and Robertson",644.36,withdrawal,CA,declined,2026-05-24 13:22:10.997716,1
843,3334,"Whitehead, Hurley and Duncan",1842.49,purchase,CA,approved,2026-05-24 13:22:10.997996,0
844,3180,Wells Group,2245.92,purchase,US,approved,2026-05-24 13:22:10.998098,0
845,4869,Zamora and Sons,4361.61,transfer,NG,declined,2026-05-24 13:22:10.998185,0
846,2734,Chang-Alvarez,2874.24,purchase,UK,approved,2026-05-24 13:22:10.998358,0
847,1249,Long and Sons,4409.73,purchase,NG,declined,2026-05-24 13:22:10.998448,0
848,1914,"Caldwell, Smith and Bell",363.53,transfer,UK,declined,2026-05-24 13:22:10.998682,0
849,3864,"Ramirez, Howard and Parks",2788.32,withdrawal,US,declined,2026-05-24 13:22:10.998915,1
850,2630,Olson-Dixon,4918.52,purchase,NG,approved,2026-05-24 13:22:10.999080,1
851,4209,Hall PLC,112.27,purchase,CA,declined,2026-05-24 13:22:10.999171,0
852,3793,Graves Group,1030.54,transfer,US,approved,2026-05-24 13:22:10.999263,0
853,2652,Curtis-Chavez,4654.02,withdrawal,UK,approved,2026-05-24 13:22:10.999423,0
854,3708,"Harper, Cooper and Williams",2437.84,withdrawal,NG,approved,2026-05-24 13:22:10.999657,0
855,4531,Bullock-Barrera,1545.9,withdrawal,CA,approved,2026-05-24 13:22:10.999818,1
856,2309,"Harris, Dickson and Terry",3603.39,transfer,NG,approved,2026-05-24 13:22:11.000051,0
857,3346,"Sandoval, Rivera and Jackson",3096.72,transfer,UK,declined,2026-05-24 13:22:11.000291,0
858,4399,King PLC,1805.81,transfer,NG,approved,2026-05-24 13:22:11.000382,0
859,4725,Smith Inc,1669.87,withdrawal,CA,declined,2026-05-24 13:22:11.000471,0
860,1344,"Vasquez, Salazar and Nelson",308.53,purchase,US,approved,2026-05-24 13:22:11.000704,0
861,1838,"Kim, Cummings and Thompson",3354.39,withdrawal,US,approved,2026-05-24 13:22:11.000937,1
862,3764,"Brown, Schwartz and Gomez",2113.79,transfer,NG,declined,2026-05-24 13:22:11.001171,1
863,2089,Lopez Ltd,1262.52,purchase,NG,approved,2026-05-24 13:22:11.001261,1
864,4447,Perez LLC,2598.46,withdrawal,CA,approved,2026-05-24 13:22:11.001351,0
865,2728,Barton-Contreras,1471.87,transfer,UK,declined,2026-05-24 13:22:11.001510,0
866,4591,Wilcox-Drake,392.46,withdrawal,NG,declined,2026-05-24 13:22:11.001671,0
867,2761,Mcmillan-Richardson,2921.84,purchase,US,approved,2026-05-24 13:22:11.001830,0
868,3568,Kane Inc,2042.74,withdrawal,CA,declined,2026-05-24 13:22:11.001920,0
869,2892,Hamilton and Sons,3432.42,withdrawal,UK,declined,2026-05-24 13:22:11.002009,0
870,1117,Silva-Watkins,3399.79,withdrawal,CA,declined,2026-05-24 13:22:11.002173,0
871,4791,Davis Ltd,3390.24,withdrawal,CA,approved,2026-05-24 13:22:11.002262,1
872,1835,Schneider and Sons,1725.2,transfer,US,declined,2026-05-24 13:22:11.002352,0
873,3093,"Schroeder, Wilson and Martin",3183.55,withdrawal,UK,declined,2026-05-24 13:22:11.002588,0
874,2498,Romero Ltd,1360.25,withdrawal,CA,approved,2026-05-24 13:22:11.002678,1
875,2649,Morgan-Sherman,158.74,transfer,UK,approved,2026-05-24 13:22:11.002837,0
876,1860,Butler-Brown,3611.36,transfer,CA,declined,2026-05-24 13:22:11.002996,1
877,1100,"Smith, Wright and Thompson",800.86,purchase,CA,approved,2026-05-24 13:22:11.003229,0
878,4621,Hansen Ltd,3896.54,withdrawal,US,declined,2026-05-24 13:22:11.003319,0
879,4067,Brooks-Cox,3575.51,withdrawal,US,declined,2026-05-24 13:22:11.003481,0
880,3262,Walker Inc,2707.91,withdrawal,UK,declined,2026-05-24 13:22:11.003571,1
881,4324,Sims Ltd,1545.37,transfer,UK,declined,2026-05-24 13:22:11.003660,0
882,3165,"Wright, Stewart and Herman",4530.85,purchase,NG,approved,2026-05-24 13:22:11.003892,0
883,2525,Lopez-Bryant,220.56,transfer,NG,approved,2026-05-24 13:22:11.004052,0
884,2184,Calhoun LLC,2245.29,withdrawal,NG,approved,2026-05-24 13:22:11.004142,0
885,3320,"Martin, Andrews and Williamson",4110.63,withdrawal,CA,declined,2026-05-24 13:22:11.004374,1
886,1967,"James, Collier and Ritter",1520.73,withdrawal,NG,approved,2026-05-24 13:22:11.004608,0
887,1686,Flores-Perez,962.57,withdrawal,CA,approved,2026-05-24 13:22:11.004772,0
888,1589,"Griffin, Moore and Morgan",3114.86,purchase,CA,approved,2026-05-24 13:22:11.005009,0
889,4392,Wise and Sons,4925.16,purchase,UK,declined,2026-05-24 13:22:11.005103,0
890,1463,Brown-Jordan,2752.71,purchase,CA,approved,2026-05-24 13:22:11.005262,0
891,1127,Vincent and Sons,3368.35,withdrawal,NG,declined,2026-05-24 13:22:11.005353,1
892,1885,Mathis-Garcia,3972.13,transfer,US,approved,2026-05-24 13:22:11.005513,0
893,4639,"Velasquez, Franklin and Powers",4914.22,transfer,NG,approved,2026-05-24 13:22:11.005754,0
894,1077,"Bright, Richardson and Wyatt",3793.08,withdrawal,UK,declined,2026-05-24 13:22:11.005989,1
895,2692,Calhoun-Mitchell,385.65,transfer,NG,approved,2026-05-24 13:22:11.006148,1
896,1757,Bryan Inc,3576.17,purchase,NG,approved,2026-05-24 13:22:11.006239,0
897,4338,"Allen, Stephens and Dixon",2582.47,purchase,US,approved,2026-05-24 13:22:11.006472,0
898,2006,"Ward, Luna and Valencia",4268.27,purchase,US,declined,2026-05-24 13:22:11.006705,0
899,4211,Thompson-King,205.72,withdrawal,US,declined,2026-05-24 13:22:11.006864,0
900,4173,Burton PLC,3938.26,withdrawal,CA,declined,2026-05-24 13:22:11.006953,0
901,3907,Ruiz Inc,3936.96,transfer,US,declined,2026-05-24 13:22:11.007042,0
902,3696,"Carter, Soto and Robinson",1491.26,purchase,CA,declined,2026-05-24 13:22:11.007276,0
903,3333,"Allen, Stone and Lee",22.11,transfer,NG,declined,2026-05-24 13:22:11.007510,0
904,2741,Flores-Lyons,4095.73,transfer,NG,declined,2026-05-24 13:22:11.007671,0
905,3007,"Conner, Hensley and Porter",4522.93,withdrawal,CA,declined,2026-05-24 13:22:11.007959,1
906,2267,Carter-Smith,1836.27,withdrawal,US,approved,2026-05-24 13:22:11.008140,1
907,1502,Fuentes-Kim,1178.41,purchase,CA,approved,2026-05-24 13:22:11.008320,0
908,1655,Wong-Peterson,3601.44,purchase,CA,approved,2026-05-24 13:22:11.008481,0
909,1588,Bradley-Ortiz,15.41,transfer,CA,declined,2026-05-24 13:22:11.008647,1
910,1008,Jones-Kelly,2905.11,transfer,UK,declined,2026-05-24 13:22:11.008806,0
911,1967,Vega-Levy,4318.24,purchase,NG,approved,2026-05-24 13:22:11.009004,0
912,4800,Davis-Jones,3993.52,purchase,US,approved,2026-05-24 13:22:11.009163,0
913,3716,Mcneil LLC,1279.17,transfer,CA,declined,2026-05-24 13:22:11.009253,1
914,1634,Robinson PLC,2510.17,transfer,US,declined,2026-05-24 13:22:11.009342,0
915,2645,French-Richardson,3577.55,purchase,US,declined,2026-05-24 13:22:11.009534,0
916,1305,Bowen-Miranda,2523.85,transfer,UK,declined,2026-05-24 13:22:11.009692,0
917,2279,"Benson, Solis and Henson",3280.4,withdrawal,CA,approved,2026-05-24 13:22:11.010179,1
918,4622,Reeves-Shah,1366.99,transfer,NG,approved,2026-05-24 13:22:11.010387,0
919,3051,Thomas Ltd,3481.51,withdrawal,US,declined,2026-05-24 13:22:11.010484,1
920,1093,"Williams, Hawkins and Jones",4502.24,purchase,CA,declined,2026-05-24 13:22:11.010714,0
921,3680,Wheeler Group,3408.88,purchase,US,declined,2026-05-24 13:22:11.010804,0
922,2050,Sosa-Michael,2471.3,withdrawal,US,declined,2026-05-24 13:22:11.010968,1
923,3732,Murphy-Wu,2184.11,transfer,US,approved,2026-05-24 13:22:11.011143,1
924,3686,Ramos PLC,2808.61,purchase,UK,declined,2026-05-24 13:22:11.011237,0
925,4536,Lang-Davis,1291.11,withdrawal,CA,declined,2026-05-24 13:22:11.011406,0
926,2486,Jones PLC,3000.18,withdrawal,US,approved,2026-05-24 13:22:11.011495,1
927,1245,King PLC,4414.35,withdrawal,UK,approved,2026-05-24 13:22:11.011582,0
928,1826,Jackson and Sons,4035.68,purchase,CA,declined,2026-05-24 13:22:11.011693,0
929,3666,Jefferson-Shepherd,3852.82,purchase,UK,approved,2026-05-24 13:22:11.011864,0
930,2777,Johnson-Gibson,1513.58,withdrawal,UK,approved,2026-05-24 13:22:11.012021,1
931,4993,"Yang, Gonzalez and Anderson",3100.68,withdrawal,NG,approved,2026-05-24 13:22:11.012429,1
932,2480,Mendoza-Price,146.06,withdrawal,CA,declined,2026-05-24 13:22:11.012632,0
933,1792,"Little, Cunningham and Carter",3168.92,transfer,US,declined,2026-05-24 13:22:11.012863,0
934,3920,Farrell and Sons,3549.02,withdrawal,NG,approved,2026-05-24 13:22:11.012951,0
935,3382,Marshall PLC,4480.47,withdrawal,NG,approved,2026-05-24 13:22:11.013039,0
936,1693,Daniels PLC,3642.85,withdrawal,UK,declined,2026-05-24 13:22:11.013125,0
937,4183,Jackson-Gonzalez,2454.37,purchase,CA,approved,2026-05-24 13:22:11.013280,0
938,2645,Hall and Sons,1408.77,withdrawal,UK,approved,2026-05-24 13:22:11.013368,1
939,1087,Lewis-Garrett,3070.05,withdrawal,US,approved,2026-05-24 13:22:11.013522,0
940,1098,"Martin, Medina and Hunter",618.73,transfer,US,approved,2026-05-24 13:22:11.013750,1
941,1230,"Rodriguez, Hernandez and Pace",1327.39,withdrawal,NG,declined,2026-05-24 13:22:11.013977,0
942,2277,"Garcia, Knight and Herrera",582.27,purchase,UK,declined,2026-05-24 13:22:11.014204,0
943,1834,Anderson-Johnson,1170.74,purchase,CA,declined,2026-05-24 13:22:11.014359,0
944,4914,Smith LLC,2636.45,withdrawal,US,approved,2026-05-24 13:22:11.014446,0
945,1206,Newman-Frye,2488.51,purchase,CA,declined,2026-05-24 13:22:11.014601,0
946,3354,Beard-Mckay,2344.68,purchase,UK,approved,2026-05-24 13:22:11.014756,0
947,4792,Martinez-Bridges,1388.96,transfer,CA,declined,2026-05-24 13:22:11.014912,0
948,4459,Davis Ltd,838.41,transfer,NG,declined,2026-05-24 13:22:11.015004,0
949,2384,Walker Ltd,2418.55,withdrawal,US,declined,2026-05-24 13:22:11.015091,1
950,1392,Davis-Nguyen,3966.14,purchase,US,declined,2026-05-24 13:22:11.015299,0
951,1632,"Yang, Esparza and Sanders",395.74,purchase,US,declined,2026-05-24 13:22:11.015632,0
952,1639,"Cohen, Wilson and Saunders",2540.34,withdrawal,CA,declined,2026-05-24 13:22:11.015962,0
953,1629,"Rivera, Cook and Martin",3841.75,withdrawal,NG,declined,2026-05-24 13:22:11.016306,0
954,3848,Farrell-Edwards,2650.49,transfer,UK,declined,2026-05-24 13:22:11.016463,1
955,3858,Williams Group,4262.99,purchase,US,approved,2026-05-24 13:22:11.016551,0
956,3418,Sanchez and Sons,3610.77,purchase,CA,approved,2026-05-24 13:22:11.016637,0
957,2560,"Gaines, Bell and Rivera",3523.52,transfer,CA,approved,2026-05-24 13:22:11.016864,1
958,2106,Carter-Brewer,4112.74,transfer,NG,declined,2026-05-24 13:22:11.017018,0
959,2249,Duran-Clark,1362.04,withdrawal,UK,declined,2026-05-24 13:22:11.017176,0
960,1362,Munoz PLC,3208.85,withdrawal,US,approved,2026-05-24 13:22:11.017264,0
961,2606,Warren-Oconnell,3492.64,purchase,US,approved,2026-05-24 13:22:11.017417,0
962,2736,"Munoz, Young and Stark",3776.87,transfer,CA,approved,2026-05-24 13:22:11.017643,0
963,1757,Payne-Reyes,4844.28,purchase,US,declined,2026-05-24 13:22:11.017799,1
964,3484,Hawkins Inc,4504.3,purchase,CA,declined,2026-05-24 13:22:11.017889,1
965,1081,"Woods, Williams and Henry",2871.56,transfer,UK,declined,2026-05-24 13:22:11.018120,0
966,3607,Hernandez LLC,4338.12,withdrawal,CA,declined,2026-05-24 13:22:11.018208,1
967,4045,"Stafford, Martinez and Thomas",4720.61,withdrawal,NG,declined,2026-05-24 13:22:11.018456,0
968,4631,Williams Group,3651.29,transfer,NG,declined,2026-05-24 13:22:11.018548,0
969,2286,"Michael, Green and Conrad",3587.5,transfer,NG,declined,2026-05-24 13:22:11.018834,0
970,1104,"Gray, Davidson and Rogers",4994.46,withdrawal,CA,declined,2026-05-24 13:22:11.019086,1
971,2073,"Hernandez, Brown and Guerra",3819.98,withdrawal,CA,approved,2026-05-24 13:22:11.019326,0
972,2557,West and Sons,556.66,transfer,NG,declined,2026-05-24 13:22:11.019419,0
973,4171,"Washington, Stevens and Stone",830.61,purchase,UK,approved,2026-05-24 13:22:11.019654,1
974,4575,Clark-Lloyd,2153.06,transfer,CA,declined,2026-05-24 13:22:11.019815,1
975,3180,Graves-Ortiz,4596.94,purchase,UK,declined,2026-05-24 13:22:11.019975,1
976,2129,"Davis, Pope and Yoder",1279.61,withdrawal,US,declined,2026-05-24 13:22:11.020209,1
977,4193,Parks-Guzman,3116.04,withdrawal,US,approved,2026-05-24 13:22:11.020369,1
978,1410,Sanders and Sons,4838.83,transfer,UK,declined,2026-05-24 13:22:11.020458,1
979,4548,Gallegos Inc,4642.73,purchase,US,declined,2026-05-24 13:22:11.020548,0
980,4331,Lee-Jackson,1343.87,purchase,CA,declined,2026-05-24 13:22:11.020708,0
981,3993,Thomas Ltd,746.97,withdrawal,UK,approved,2026-05-24 13:22:11.020803,0
982,2566,Rangel-Freeman,3575.84,purchase,NG,declined,2026-05-24 13:22:11.020965,1
983,1335,Lyons Ltd,4439.07,purchase,UK,declined,2026-05-24 13:22:11.021056,0
984,1712,"Robbins, Watts and Walker",716.04,withdrawal,US,approved,2026-05-24 13:22:11.021288,0
985,1068,"Jimenez, Parsons and Young",378.0,withdrawal,CA,approved,2026-05-24 13:22:11.021522,0
986,1688,Murphy-Lewis,3158.73,withdrawal,NG,declined,2026-05-24 13:22:11.021680,0
987,4121,Lopez-Banks,295.16,withdrawal,NG,declined,2026-05-24 13:22:11.021845,1
988,4791,Bryant-Kaufman,612.1,purchase,UK,approved,2026-05-24 13:22:11.022004,0
989,2368,Stewart and Sons,4361.77,purchase,CA,approved,2026-05-24 13:22:11.022093,0
990,3641,"Allen, Carrillo and Brown",2079.26,purchase,US,declined,2026-05-24 13:22:11.022325,1
991,4786,"Norris, Harrison and Hansen",1764.89,withdrawal,NG,declined,2026-05-24 13:22:11.022556,0
992,1606,Howard Group,2311.51,purchase,UK,declined,2026-05-24 13:22:11.022645,0
993,1942,"Ellis, Murphy and Smith",3715.82,withdrawal,US,approved,2026-05-24 13:22:11.022877,0
994,3898,Schneider-Castro,3318.52,withdrawal,NG,approved,2026-05-24 13:22:11.023039,0
995,4330,Roth-Garrett,173.57,withdrawal,CA,approved,2026-05-24 13:22:11.023200,0
996,2544,Gallagher-Small,741.12,withdrawal,CA,declined,2026-05-24 13:22:11.023360,0
997,1349,Riley Ltd,28.05,purchase,UK,declined,2026-05-24 13:22:11.023450,0
998,3790,"Potter, Lee and Smith",4025.14,withdrawal,CA,approved,2026-05-24 13:22:11.023682,1
999,2818,"Wilson, Jones and Mccoy",2682.17,transfer,UK,approved,2026-05-24 13:22:11.023955,1
1000,2817,Horton Group,727.58,transfer,US,approved,2026-05-24 13:22:11.024049,0
